-- phpMyAdmin SQL Dump
-- version 5.2.1
-- https://www.phpmyadmin.net/
--
-- Host: 127.0.0.1
-- Generation Time: Jan 08, 2025 at 05:46 PM
-- Server version: 10.4.32-MariaDB
-- PHP Version: 8.2.12

SET SQL_MODE = "NO_AUTO_VALUE_ON_ZERO";
START TRANSACTION;
SET time_zone = "+00:00";


/*!40101 SET @OLD_CHARACTER_SET_CLIENT=@@CHARACTER_SET_CLIENT */;
/*!40101 SET @OLD_CHARACTER_SET_RESULTS=@@CHARACTER_SET_RESULTS */;
/*!40101 SET @OLD_COLLATION_CONNECTION=@@COLLATION_CONNECTION */;
/*!40101 SET NAMES utf8mb4 */;

--
-- Database: `connectfriend`
--

-- --------------------------------------------------------

--
-- Table structure for table `avatars`
--

CREATE TABLE `avatars` (
  `id` bigint(20) UNSIGNED NOT NULL,
  `image` blob NOT NULL,
  `price` int(11) NOT NULL,
  `created_at` timestamp NULL DEFAULT NULL,
  `updated_at` timestamp NULL DEFAULT NULL
) ENGINE=InnoDB DEFAULT CHARSET=utf8mb4 COLLATE=utf8mb4_unicode_ci;

--
-- Dumping data for table `avatars`
--

INSERT INTO `avatars` (`id`, `image`, `price`, `created_at`, `updated_at`) VALUES
(1, 0xffd8ffe000104a46494600010100000100010000ffdb008400090607131312151213131616151618181819181817181517181818181716181a1818181f2820181a251b171822312225292b2e2e2e1e1f3338332d37282d2e2b010a0a0a0e0d0e1b10101a2d251f252d2d2d2d2d2d2d2d2d2d2d2d2d2d2d2d2d2d2d2d2d2d2d2d2d2d2d2d2d2d2d2d2d2d2d2d2d2d2d2d2d2d2d2d2d2d2d2d2d2dffc000110800e100e103012200021101031101ffc4001c0001000203010101000000000000000000000506030407020801ffc4004010000103020306040405020404070000000100021103210405310612415161711322819107a1b1f03242c1d1e12352147282f124336292175373a2b2c2d2ffc400190101000301010000000000000000000000000203040105ffc400251100020202020201040300000000000000000102110321123132412204516171134291ffda000c03010002110311003f00ee28888022220088880222200888802222008888022d5c66634e97e3744a8f76d4e143b77c41331eaa0f24576c92849f489a45a585cd6954fc2f0b754934fa38d35d84445d3811110044440111100444401111004444011110044440111100444401179a8f0d124c050589daaa2c9be9faaae79610f264e38e52e913eab1b53b56cc38dd699773e4b4338dab739a051b836917bf23c95033d24bbcd2e3c8735932fd55fc61fe9af0fd2fb9917b41b4952abb79cf74f43c2eab75730a84c824de75fd54cd4cb2a3a4860bad639354132200bfa19e3c9551944d328bf46c653b4755843b7b43d74b2eadb1fb6de2432a19fa85c7b0b93d53a367f6fb0558f29c054a6438b6223a7b735c79141dc59178f9aa923bdb1e08906415e952766f3a737cafd397eaae4cacd2dde06cbd0c5994d59e764c6e0e8c88ab78edb0a2c76eb4ef5e2dcfec291cab3aa75ff09ba2cd06e930f14d2b689344456958444401111004444011110044440111100445a98fc73698bebc971b495b3a959b64ad4c46634d9ab9563179e39eedd04fa69f258a9610b88932e3eab34fea3d4517c70fdcc9b6f9d4500e68b4f6d1712cd3685c1ee209d469a11d5759dbcddf00b5a64b353d4ae118fa7e6ec755545739b722fbe105c4b4e49b49529ba665ae3706e08b7cc4eaae182c7e11fe63bee711264c01ecb8e1c540dd6dcc888179edf2572c8306e63379ee3bc63cb20472067450cd862b64f1656f4746666b866c06e1c13d79f72b629e698736a94037a836e82c552f0bbce3c49ea2491dcfe10b6cb853b8686b45b8971fdbbacdc116365c70f8ac11121907aea3f63257e55cc288208a4c3cb7a66ddf555eca2bc873b74912492e21a01b9f34770b2d4aaf24ead7473fe9e86cdde2083cd1c57d8e2fd92d5f68f0ed12ea4046b163330a0f3adb46f8469d196b5dac9bf13f40a3339c3f8948870dd3a6f020e911798175cfb14fa949fe13e413a123858489ecaec58f97b2336a3e899af9ab838ba4b47136debc481c66daf40ac3b23b48f151874123d89b49e3fcae7b50ef9b0b0e275ff6e8ac7b2187357134d8352e03d2615ef1a48abf91b3e9aa6e900f300fbaf4bcd2640039003d97a5b8c211110044440111100444401111004458f115831a5ce3002035f32c68a4d93aae7f99e6aea8f21b27e53ecbc6d46786a1706badf2016b6ce539f3b85b80d492b1659f266cc58f8ab2672fa258db905e6f11a052f4cf854cd577e2366cad7cb30de23e0e82e797f2bced1540ea8da7bd0234fbfa2ad2d5927b7447e1f07e353aa5c6778112749e10b856d4e1dd4eab9862c786abe8bdd14e91e43d2e7f65cc69e442b626ae26ac78548cdec1cfd4099e0a716a1b671dcd5154d9bd9f2c8ad53f1112011f840e27aab6653963eb1de87787c4f177cadde56f61b026ad4d61b6937d3806f4eb69536fac1a370198b40b011c0738e37ee42a65373765d18a82a4621860c166eed872b72f33946639e4c79b4d788ed3c548d4bb492d6fac4face9deea0dd72003afdc2aa31d936f44fe5ac6ee0735d6d2e045ac6dce56dd76b48208691ca24c9ed713d563c0512c636634718891c62780d41f75a98c73809de005808024fa922ddadf5539222887cd1a699de68969d59c47f949d0765039be029e2192e6904583a492d3d7427d54f55c69162d043b43363f504f625479a6d983bcd9060e87b48d7ef55d8dad896f4738c4e1ea517ee381078132247312baefc15cbe9b49c45412efc209fcb3c541e272b6e2d85b05b559769702d911a75537f0d9de182c2605da4723365ae33e4bf2649438bfc1dad16864f89df641d5b63fa2df5a62ed599daa74111174e0444401111004444011110054adb2ce7f234db8c2b2e738bdc6103f115ca73fc539ce8deea4fedd167cd3fea8bf0c3db34b135b7dc1b0385bbe930ae397d06b59034688ec78faaa1e4fe6ac1d3005e3533ccf5d15f30cc3bac6898d6fc679acb2357a2c7938018e70ec14261da1d887d423f36e82624c5cf653cc1b94784c12a172b6191fea77bab3ec8a97b679da6ab14b71bc6e4eaa3f1b47c0a14a94417824981671bde3559f1353c5c532970047d67f45a9b63526a9be8205a626c63959432f44f1f645e1ab9635c6677886b22667471379f9f65fb446fbf7662068dd7d5c6faf68e1751d8cc4b40a5722018103dc1851a7357b5bfd205cf3bc49907a0e3a0b9eaa318b7d173692b65a6bba58436c1a6d6201f59b9505e26eba1a00d27b2afb737af4bfa60b9c1c37c87197026c77a2cd33c14a65185ab53cc5a45fba9bc5c5ec82c9c969174c3e60d0c03899bf3eaa1b39c48e307d1c63ada60fb2fccdaaf84cde83e51eb26ea858ccfead7fe882e0d92e3ced703fdd7218dccece6a04cd5c447190749b83cc1075959db8b2f610ef2917022e08ecaad4318e221c35fb07badf763375b03f9079a9cb1568ad64bd965caf180546ba0366c46b279ebafa29c6e5e29d6a8c6d8546f88db4007a7af2f92a5e0b14088777b8244fa68ae35f1e03f0ee235f2cf05186a54727b565cf67f1a5aea6e71ff98375dfe60adcb9f61dd149c47e47070e97e1d15eb0388f129b5fcc02b5e27e8cd917b33a222b4a822220088880222200bf1ce812bf56966f5436999d171ba4752b653f6a73213aeba0fe392e7f9a55926f2609718f90eaa476871e3c4302205b89f5955ac5d6304cc03af5edf3589edd9b63a44aecebb7b7e2c4886f3eeba2658d97306a036dd62df7dd736d97ade691acfea7f65d2f2e70de6c0e009ec2e141f64df892b9b3bfa5507268fbf928dcb1cd8a4468e6ff002b6b18e9a55cfdc4284c13c30e1a993f9499e6e74feca57b2b4b463c1625bfe25c41d1c37bbe97f650db6cf731e1f1ff0031a678c1699bf05115b30751c6be6c09223b910a476a6b1a9856989868d0f1e3faa49744a2578e2a58d303537748fa4dcdd7e8ac1a41d67bfcca8ac163379a5b7e1eab2d2abbc444c72d7e7c576a8927689dd96d9e755a86a39c4b75820031ccdbcc78495d330f816b40b002141ec832cfe81adfd4fd029acd710f96358d279bb800a3297276c8571d221368cb7707945e7e8b92e6b9616b9d0620f20646ba15d4f3a934afe583c625dd409543ce190e078386bd47d85dc52e2c49725b2bada82d3c3dcaf2d7987037d6d075d560c4be1c64af15aac345f5331f6169eca6e893c0624c08eda9573a952452a6356907d46aa8f9100ea837b4fbb2b261b19150cf02e8fd954d7ccedfc4b933152dacc173006bd02bfec9549c333a5971ac0661bd51e5a6eedd27a81a90bad6c5d69639bca0a9c1fc8e4d7c4b22222d06708888022220088880282dac71f0ec40ea7829d55adb6a805293a72989f5509f8928791ca73ec48de3066dcb4e5dcf1557acf2eb9d00b0fbd4ff002a6339c44cc083c07ea7baafd5a9bba9bfdcacf146b6c9ed95c48357740b0bf7b5feaba88aa1b0ee61ad1ebfb05c5f21c406d665f537e83aaeaf5aa9f0039bf89bbb1cb417556554cb21b44dd9ccaedfee00feea9b9d621ec387748f2804f422777f4564cb3101c2a03aee11dcf1557dae682182fa366047df0508324d5115b6f47ccdaedd0b413df592b4f67f3b355aea4f220401d75bafcccf32069f86ebea6751e50047d553a9e2cd1ab205ae3def2b4463ca345137c5d93d9ae10d276fb4d89b8e456ce4ec0f05c1da098e466fdd6bd2c6f880c10e0409075eeb6721616e229dbcaf2e69ff00536d3eb0ab6da8d3ec9c5abb4747d89b51739c6ceaa6e6d2d6b1bf2b952598e60fd69b401a6f3af3e9a00b5012cc1b4eefe11504732248f75c631f98660f71af51f50532647988601ada0c7a2b3e9e29db6539e4ef4746ce7342f7065401b3a11a1fe555b363fd26386a1e47b89ffeaab597d5c487b6a54df34dee0017131732224dfd15aead1dec39ff00d46fd1ebb962a324d0c726d6caae63421e0ff7095a8d678874edd948666ddf70038797fedfe57e3b768824fe222c392ea96bf271ad9928ff004c00dd41d57e62333006eb6e4cc9e3079288af8eb000dcea79745ab449267ef8a9c61ed90e45bf67243c16ba7bf5b8ec642ed7b035f7f79da120485c1b04e2c21dcc76b581fa85d8be1cd7218cb8b120906641e9c2fc143a9265b25f03a52222d265088880222200888802a9ede3bfa76e0249e004ebfb056c550dbba9bad9d447d9fe54327893c7e471ccd7107858fb9d3eaa06b5f78f481d00fd4952f9bb80738d8b89b74e13f7c940d77c488b4fd22deea98a344998c553bc0cdfdbd175dcb31bbf856bbd0f706171da8eb8b6a15d762f336ba8ba8716f9c7593750cf1f8d92c12f9532db91e288c4301e2edd3fe523f85e76d04bded69fc32638ee8b7ccad0ca6b7fc4d023f3382cfb5ae8a8fd6e40e53afeff00259e26897650f12f24163f5de1ec5a4c7c87ba85c6b4104f231ea3cbf4852d9ab370b9dbde72e91c61bf824fdf0502e7fe2ea67d888fa2db0fb98f23f46b53ace6dda48fe0ca9dc9f68883156081041e333fb2832dfbfbe8b0962b2508c9532a5271e8efbb3d9a0a9847d22778b7ccc8b931131ced7f45c97695ad150b69925b33066c7b705a7906775283da5a6c387acabce3ab52c6b0b9a078ad6833a1703320c7e605675785efa2c6bf90a4e5505c3789b682e63b0e0ad95b164500c16f36f7ae827d25475160a7336e07a772a1f36cc4b839834946de47a0970466ab8fa6cea4c9b739ba82c6620d471715e43537382be30512b6db3c06adbc3360b89d1b7f6e2bcd2a409f459683834387182d3d41b2930912151e779b796c47a0b7d2174cd8bcc594d9bba1b7b8e5d2172ac1bb41c47d3a2b665b8c734005c38169163cb4edaacf911a31efb3e8ec3d50e6870e202c8a1b643105f85a64904c448fbb1532b4a768c8d53a0888ba70222200888802a7fc477eed09ebc07017bab82aa7c40a5bd47a7b99e83a0932a193c49e3f24706cd2649e5c4a8c7e80cf75279b3487475f7e43b288a80faaae25f230566c05fb9663dd46a35cd31713d5b6908e75a3885ac4a9d5aa65574ed1d5f20adbd89a1bb697c88fed7367f55b3b698822a39c34697133178b409eeaa5f0df36271742991277ec4980d686ba49fd00e8a5b6c3161f8822e407198d35b49f49858e50e32a36472725652b1cf73ea1df31bc46f74e4d1e8547bdbe67751c799d149d66990f74f989226e6d7bf5b7cd4556a9e69d656b899666beec1be8bd36f3f7d0a7033d57960bc0561599a832ea6aa39d4981ed3054765d4492216f6715e775ad36d6391e2aa9eda4591d45b353fc53df20f133ee870a4dd67cbb0f25589b978dc9e6ab9645174590c6e4aca754a5057e181752998e1e24a89736caf4ed1549533f4d78b0e513e8657865afcc44fd1630b2b6a7052206ee159026608b8fe7f753981797164101d3da63e863dd4352aa2246a0c770a5b08cde2d9682d3c470bcdbe8a991a207d1bb26c2309464412d062d69eca5d46ecdb630b444cff4db7f4524ae5d1965d84445d3811110044440140ed9b270cee70a7942ed752dec33c5f4e1db8f4519744a3da3e77cddd0eb5f4b9e6a21f33ec3d3495379cd08791c4183de64fcca8aadf88fdf554c4d12347102ff007d96b54303dfd96c3b915a9535856a2964ff00c3c2066144f22e3ffb5cac5b4f588a8e83774df4004dedc4c2adec3d4ddc65374b85e25b035b6a79e96b956bda523c776f5e26d681dd67cde6bf468c3e2ca4663892e248117d748d04051efaba88e16f4e4a531ed2e3316e434e3ee614655619957c2a8a6776602657aa4cbaf5b93759b0cd937532ba24f2969de1f77586ab65e49e6b758cdc6877df4f9c286aafde713ceeabab658f4a89cc0e218db93d8297c356a958b58d103e6ab580c3c91d5741d91c280f6cf31f65533518bb2fc6e4d15dda6cb3c27163b85cfadfe842aa62a9dff45d57e25e080ac5dce0fa7fb95ce7fc1971255d07a2a92b21f72eb20a66ca4bfc2468bc550009eb1fb297223c0c14380215932b018e17969330751fc2836d416b7753993b4b9ed68e621464ac9c5a47d1f90b40c3d20040dc11c782df587074b769b1bfdad03d842ccad4677d84444381111004444016ae68c9a4f1d3bada5e6ab6411cd1847cddb414e1ced753dcdf5556c6552e3238f0edaae8bf10305e1e20888004fbcae7789643a7b854451a64ed1a559e667ef82c075594cdd79632ead452c94d9f6c5663b91d46a38595d36b5a37edc85b5bc288d89c07895e9b63570d7bab97c4bcb0d2a90079034438b78701cadcd579637b2dc52ad1cdb175609bc9d0690275d38a8e34c1200330b731724cfdfecb030098f7fd923a3b2db3c7f87e5ce16c61b0b172b2d36dbd564bc8eaa4991690cc496d38d43bf951545b752b9be8c6f495af42822748356c95caa8687d5741d93a03c465b522476d48f42a9595b4b638c8f65d2f60f0b355a4824004cf78fa5950d5c8baf8c4f3f15f044b585ad90d804f520c7a003e6b9a51a16f45def6c72d15b0ee066d260713103d9711c08d41d7456e4d15e2d919530b1750f8a603653f993f8280c49d520772346b302be7c34c078d8ca4d22c0ef1ecd1bdf5548a4c95d8fe0ae5fe6ab5c8d1a180f09264fad82b0a6ceb0888a4561111004444011110044440722f8ad8022a179b079b712605fe8b94660ce1d577cf8a982dfa0d7ff6923dd709cc28dcaaab65e9dc4872d592953bacc58b35265d4d320d17ef85f869c4d327819f710ba2fc46ca2a57a521ed0c6024c888ff00573f6559f8418205ee79fcad5d3b34c378949cddc6bcc583c4b67848e28d5a3974cf96731a772068b41ad8569dabc21a759ec7360875f8fd001ecab15355089648d9c3bf805bb4e9ce8a3681832b7a8d7320f25da1679ce0ff0051a39344fcca612a01f45eb3ca65ce6bc685b1eadfe084c261f45cf42f64ee4ec970fbe8bb86c9656da549ae1ab85c723c6172ed8bca0beab4448b4fee0aedb4a98680d1a010bb05bb23397a3f5e2410be7fc551f0abd66ff6bdc3d24afa09716f89d8414f1ae2221ec0f81cc920fad9322d0c4e9945cc5f2542625fc149635daa890d92bb14766cdac1895f44fc2bcbfc2c053711e6aa4d43d8d9bf20b82e4d812f7b1a35739adffb8eefeabea1cbf0a2952a749ba31ad68ecd007e8a456cd84445d22111100444401111004444057b6ea96f6148ff00a9bf55c1734c380f2392fa0f6acffc33fd3eab8367d8576f96f33af3955cbc8b63e2579f008eab62881312b29cb8efee5f7a623bacd87c1c3f74821c0c7afa203adfc21a714eaf3f2fb19fd97445c97e1fe72cc2d534ea121ae1ba644ee91704c70d574ac3e798679dd657a4e3c83db3f5528bd1092d9cdfe2d6cb1be2e9873e4f9c7068e6005c78b4cc442fad9ed0e6906e0820f506cbe75cef2a0cc4d4a06de1ef49eda69dd71e89c5d954a54893d16c0a70355bb85c0ef55f0f75d312069c37a6fa08bcf258b0586df7860064c8b731aae1d3361c87b0d33a8b8ee3f85b395324ad3c1e1439e593104cfa596ee48f778a48876edc8bde39c69dd719db3b4ec2e4e29b4551c41b1e0655bd416c66774b17866d4a43763cae6989691db815adb4bb6d86c1bb71c1f52a7165201c4711bc49002b16914bb6cb32e03f1073b6e271d51cc32c645269e7bb32474de2e52db53f122b62a8be9e1d8ea0cb87b8f9aa16da4022cc1789d6fc173da3852699799f298ffa45a7e80f0e0a32d938aa3f2bd390b49940ce9c7f55bb9761854a81864ccc444c8efc38adbcbf0a1ef34afbfa0d2e741a91645a3af64a6ca00cc4e1c9ff00cd67ff0020be8c5f346030f3e60e82d700759066c7dfd9767d87daf1896b6955815a22783e04fa3a2fd6eba8848b82222911088880222200888802222034f35cbdb5e99a6e24024191136eeab4ff008798731fd5ab63bdf93511af97a7d55c517291db651fff000c30be27886a562e99fc4d8b74ddd1793f0bb09bdbfe257999fc63ff00cabd2250b6528fc36c3789e2f8b5b7a6625b13db757ed2f873876ef1152a9ded6774f198d39aba225216c8ec932a186a7e135ee70991bd123b47055ecd7e1ed1af55f55d56a07bc924b606bde6d1657244a16515ff000c30c6a0aaead58b83433567e10220c3792c585f84d83a6ede6d4ad37d5c353c74d55fd1285b39fe07e14616938bd95ab871044cb743afe55f986f84f86a61db95eb82e104cb09bebf97aae828942d95ed98d96182dedcacf7022375c1b1ded17d7dca8dc5ec036a547d47621fbcfded1ad11bc664750742ae68942ce7f87f85587697ff00c45722a0870f2006044d9bae87d02f34fe1261030b0d5ae5a4cfe202fa700ba12250b673fc3fc24c0b1c1ed7d705a647f53f85f94fe13611af351b56b8719fccde3afe55d0517459cfb0df09f0ccdf2daf5fce20c961d4cff6a93caf602850a94ea36a55269904496f0e703a956e44a1611110e04444011110044440111100444401111004444011110044440111100444401111004444011110044440111100444407ffd9, 0, '2025-01-08 09:45:18', '2025-01-08 09:45:18'),
(2, 0xffd8ffe000104a46494600010100000100010000ffdb008400090607131312151312131516151717181b1817171717181717161d16181716171517181d28201b1b251d181821312125292b2e2e2e17203338332d37282d2e2b010a0a0a0e0d0e1a1010172e1d1d1d2b2d2d2d2d2d2d2d2d2d2d2d2d2d2d2d2d2d2d2d2d2d2d2d2d2d2d2d2d2d2d2d2d2d2d2d2d2d2d2d2d2d2d2d2d2d2d2d2d2dffc0001108011300b703012200021101031101ffc4001c0000010403010000000000000000000000000203040506070801ffc4003d10000103020304080406010304030000000100021103210412310541516106071322718191f032a1b1c1144252d1e1f123336272638292a2084353ffc400190101010101010100000000000000000000010002030405ffc4001f1101010003000301010101000000000000000102113103214112511322ffda000c03010002110311003f00de2842149a8fa6dd71fe1abd4a185a2c7f66e2d754a849697830e0d6348300c899d4691734781ebe6b83fe6c2d27b7fe9b9f4cff00ed982d4db733b71159b53e26d5a81dff0020f20fce545ed7718f459f6dfa754744facdc0639c29b2a1a554d853ac034b8f063812d71e40cf2598bde0092401cfc2571653b857f4b6d567b036a547bb866738c7849e2ab44c656fddafd69e068bb2b0beb11a9a60651ff73889dd7122faaa5c475bdffe786dd7cefdf274ca2e216a0c1e1c41ba72abcb7446eb5a8da2feb66bc1cb46903baee3f758eed3e9d63eb104d734c0bc53ee0d49dd73c35dcb0a18c3bc04bfc72b54fa64d4fa578d6e58c555b6e2f266e1d7de6e06bba46855eecfeb431ac2eed3b3a80b81ef3632b67bc1a1a44db4936df3bb00fc548116516a3cfea56aadc6f9d93d6b60ea40ac1f45dbcfc6cffc9b7ffd567587aed7b43d8e0e6b84b5cd20b48dc411621724b6a294edbb89a54bb3a55aab18665ad7b9adbc49806370f44eeb3a8dbfd3eeb8a8e0deea18460af59b21ce2628b1dc2d7790750200e32085aa368f5b1b5aabb37e24d31b9b4d8c6b472162e3e64ac36a544c971291c6c6e8ef5c1b468d569ab57b7a723331ed6c91bf2bda01698d0dc4c482ba4b67e3195a953ad4ccb2a31af69e2d700e1f22b89a5761740b06ea5b37074df21cda14f303a825a0907c263c942d5fa1084808421482108520842149cf5d7af41cd0aceda145b346b3876a00ff004ea9d5c63f2bcde7f513c42d4d008e6bb6b1141af6b98f68735c08735c01041b1041d42d13d64753cca14ea62b0958329b449a5573123706d3a8019924001dc6ee4169fc3933023d15916dc6550a8e19cd70cc22f1b95fd2a209046e43512b043b8070f55ee229af689dc9554c02627820aaeb5383212c61cc494b803bceb13b949734116f7e49dad20b6a459249052dd47e69787c3c1291a36f6243f482a77651aa8f569594b4c7b1f472b930c885718fa12df7aabee85f40e9e28b5d8ac5d3c3b09f861c6a39bbe1c4646cee927c38db1a46eac7a24768e3594dcd268b3bf588b43068d9dc5c6dc75e0bac808b054fd14e8fe17054051c234064c939b339ee800b9cede6c3ecae52c84210a410842904210a410842905a1fae3e980ad88185a648a749c43882087bf42749196e35e2b687585d25182c2b8b48ed9e0b6989120c5df1c1bf5206f5cccf25f50d47127c779de4cace57e378cfa73683810d206fe1f353e981924154db45c644da372b1c1381a637a271abd49c39ba7b18e8613eaa152f8aca462c4b5c0c4fbba298a7c431ee82587293a9075bc5f4dc74e055d61f0ee75f97aeefb28d49af313733626f1c6164b86a194641b84cae7e4cff002df8f0da85f48a6e9e2b2be1fa47aab4c6513c6ea2e370b9984c0cc3d9f254cf6ae1a57d2da6d79cb0e13a1b42915e9d944a80bcb1b003584911cf51e0a4972eae6878d67755f5171c8c23f48fa2a6c7b6459584435be01154e2eb656dbaf8739a8d573390260f88d0f9ad83b0bad01dd6e2a9eebd465efcd916f22b53b2aa535e41e4a95592ba6b038da7598da949e1ec7090470923cae08f22a42e71d87b72ae16a67a2eca6d23738020e5772b2de3d13e93d3c6d3ccdeed46fc6c99234b8ff699b131a1e0b52ed8b8e97a842169908421482f1ee00124c01727805eac1fad9dbaec3e13b36101d58e4371218419eeeb7822554cf6d4bd61f48ff198973da4f6739698bfc037c1d24c9f3585d491a7f6a5629fc541ac792c46e918a748e1e8a7ec97cb0b77eaab2abec7dfd12f64e232bbc521778737fe2ebcaf57bc49fdfc2529ee8f7093918ed75456a1fd92f06ab593bfecb37c561b2438da44413ef72a9e88f4672b85670f8649bfa01e2a76d8c497388fcd27d04caf0f92ff00a79358fc7af09f8c3792bebd305c494aa545ae0fe25b1cb450857f3f3fb2b2d964120441362174cf0b8cdb38e732ba6239c016d4a03b44fed0a192a39a77184ccaf54bb9b79afaba798a78883bcab16196f82a2a9525de0ae306491e48c8e2f72a592bd81bd234522b3d95d7453a42fc2576d56dc68f1fa993de1e3c0f10a8ea26ee141d4b83c532ab1b529b8398e1208b8213cb56f535b727b4c2b8b8db3d31721a059e35eedcb4e9a92b692dcbb73b3410842405cf7d70e38bf6916e62431ad105cd3977e5197e1b9d0def3375b9ba69b6e8e170b51f5ae0b480cdef2459b038e9e6b971f89cf50b8372826c24ba04e998dcf8959ad4798a78982a3547eeddc92b18fef14c562428906a4da2078a8cf710642f5ef9de9b291b647b33161ed83afbd149c994c8d3558d6cfac5ae1c2564f42ae602dfb782cd8d635b4b01886ba8b5cd0035c01b731bbcd613d28a551a5cd6ba1ce301d31adfeaac7a29b4a5c681eeb72f7238cdefe73ea9ddb180258f7c8786466007780321b20ea0e523c97cff001617c7e4bfc7b72bfe987aeb0f141fd97679ff00cdfac8b5dda4fdd5df4558f2e687104b090e70f84ee1077a834d8090d19899d20ebc3e6b23a34dd870439a018b0e12244c2f4f9b2ff9d4fae3e3c2cbbac77a5000af5380227c6163f88afc3df82b1dbd89ce49d63dcaa0ad5772ede39ac6471ceef2b4f513e9f457582ab11e30b1ea350cc2b07d5873403611fc26c12af2a361d1bb72f252ab09687782669bd11aa53b44cd53a294f0a23f548abae88ed4761f154aa35e5833343c8bff008cb8671041dcba4a9bc38020c820107883a15cb344dd6f6eadfa44daf876d17b876b4c65037b98000d709373163e1a2656728cc90842d30d61d77ed3a4ca0293e8bdef7b5dd9bf34318e88cc62a024890402d20db9ad00c7c381f7ef55b3baf2766c402d75778698735e47654c9b45367c4012dbb8800c58bb76a72f209596936b02e329aad005d2b04f0419e1efc1231035fd9495ee44af6a0485a64b66aae3676d30d86bcf98dde2a982506a298ce7098cecded7b40205ef7d382cbb115f33456a554b0189b4b5d7bb1e37104982b586c8c6910c77c3f31c95d61fa44584e47408b8fcb16b91bcfecb8e58fbf4f4619e997d2c4cfc2f6e63bf2b7593a4728551d25c46486672752f71d4b89bfce6de0aa07494e525a5ad3c800edf69f22b1cc763cd4324e8245fff0021f5f45638eefb8d793cd729d7b8dda45d36b73d7d5419487b978012bb69e5b52a854ef0e5f30a53df2f55ed706f32978771739476ccb00ecd4e3926e98d4704dec4711dd52abb60ac36583eba26b10cf54a69baf718d3161f251f88d4dcb29e86ed9186c4b2a16670245dc5b04da640361c20ac3db544ab1c35688209053447505278700e1a1008f02854bd0cc676b8563bbf110338bc00058fe61ba79216dc9abbafdc3b9a6938d5790e26299a87288065cca516d60bc9ded005c95a4df3a2de7d7c61c4d131739a2c01200125ce8976e02e034036320ad29530d759691da62f31ef7a9351f98029873634fe17a41d528db884c96a91926e9b162a0f29b53e29848a3bf95d3b4869c8a2981eedfc3ea9a689309c73754c037513c197f7effb51aa1bcf1523b5d3cd4675fdf34c15e0096d742036c9096429185304265ac95370b4a4851645b2ecac314342ab7663b51c159e2b40b9deba4e1a615e639e239a4d275d33b527d51f4fc460f13652f0ee5525f062e49f2faa9f87ab65b65d1dd5d62fb4c0d271c80896c31b94774c091119a382163fd4ee39cea0fa5dd861b588743af2e3106f3bc21338c5e9feb7764d37e0df59c61ec2dca6249131907e91726796fb473e62982792ea6e9a613b5c0e219049ecc90009322e20472f1e0b96b69082517ad4e20542387bf05ee4d2547352fee2539db499dd3f282ad0dbd7880a0d5d54bace9e4131544de3533e44948a6e93d58536f7157ba9c5d4ea2f397e5f75530d94d96dd4934ee921b28486e4a6d2ba59a32ef152f2e93cc7cac91a41cb6f7eff00b4369dd4f2d1a724de51a7a1e1efee9440a6214aa2ddca3b5d783eff0084fd0d7dfcd497180e2ac6b19015561dfc1595374b2563274c4db06f2a1e31faea7947eca4d57c02a9f175e35f2dfe88440a8335adf653f0e64f154f4dd756183a90e06256996fdea8f65546527557b72877c19980388201cc1c6e5a411c978b28e8654aaec1d27560fce5a24bf536b1e5e83cf5226337a9db76a65c35674039693cc3be130d2608de17286db264aea6e97540dc16209cb1d93877a62e2375f7ae55daaf975f4e1bff00845eb538a4a93cfec9bcc9da8eb9fa26c3612c96d1dd3e2979a7c34f2d532d71d3dfbbaf5b60a471f5267dee4f517c0f13efdf351dad4ed4361e4a470bf49f7c13844fbf25083ef2a75175a114c2e9ccf84fae89c7d396db77f4934b5f13f7539acfa7f686baaf7b778d47f1213750efe3fbff002a5571a91c7eb7515f5010349cdea0ad3243f51f5e5cd29aff007c925cddc774f8f3f7cd1460b80e3a78cd8242d291b4eef7efcd5c615d2d2a9e8eb015b61342b15d3144c5904c2aac75322274dd0acb1324aadda333f650a8ec0a6e1aa0983fc28749eb35ead3627e2b1b49a581cd69ccf9048000b170045b340d521d05d137976169b8e692d04e72f2e98ef66ed1ce736f3dd9b2f55b35b0001bb869e485a615fd22a45d85acd0e2d269bbbcd199c2df940b93e17e0b92f6c11365d7d8ea59e9bd913998e116bc8222f65c8bd20a65b51c0c48274d3c8ef1cd66f5a9c513dabc5e397a16992414f33ea9b60fbfd13d1f403e8a25319f2f7efc1151bddf04e6f9e29156c0a122bd48c1d582a3bd149d05296f4dd7f452299f5d3cca8b49da1f7309ca6e8fa9f7e1f75968e62081cb303f511f42aa3f300787f2a6e2ab4ea6c147aac9208f24c14b04937d4ff412d8069a70e446e5e62da031a46b3fd7c97ac7684fb3bbcd4163877e8779f456b84f84954b41d07883fbabaa2eee1f059ade282f7dcaadc51977bb7153714f8f3f7f65586993e7e491453a77f92defd47ec3a94db52bb83723c00dd73820870905ba10e90415a498d82de320f285d55d0ba65b82a0d731cc2d606e574c88104104020ccd8e866e45d42f176842169978ed172cf58385cb8aac0bf3bb3bb33b29602e9bf75d7106de56b42ea75cf7d71e083316f73408741b1933001907433bb922b58b54165e079f8275b493990994104f08f15030e8d638f96f4b60b1f3fbc7c97a7483cfe61219f6f7f40a4769dc0f7bc42f2b69f23e2bc63e6390fe926aba54915c92961b240e6ac2ae0ac95a18332d0384a7aa1dfe9e6a36125a082a7113082aa71bf9a9340dc6e8248f0fee178ea60f8597a6cf1ff1fe3df8243dad78e04c7d8fd424b44f8fbfdd2de60fbd65203a3df3ba92761f4f736dcae706eb2a3a0fbfbf356945d0166b78abb160e739b71f548ccacb1b41ae66724031af155148c95417d335eadba2afc75725ae68144b5cecdbe49ca00de0e5209bc489175d29499000f0fa7bdc1684ea44463c4189a4f9b133a5a46978326d68d489dfc982842109642d4fd78e04b9b4ea4180482e0240902013a0263d07846d858ff4d7661af867b434b8c7e56b5cfd64c0739a34f3e174533ae55a8c83a1f44d3d969d7f7d215aed7c29a755ec2d7360e8e8cdcb301a1e2156d53b879fc965b35569fbe6986dcc78fd65580220827c3dfaa8151baf19298cd36755ecfbf55e833743469ca520f6cfc1baa556b58d2e24880353c82b9c4e1083711063c3c566dd5c7416ad6c39c58ccc787134bba7be035a58fa6645c5404703bec15574df678c2e20d3399a0b5aecaf730d413625e18486cb8120492016cacddb78e98bbf0c915a74f0f448ab8e1993d4ea87152f54d1a5cb5fa7f4a3d461cc4ee03dfc959e2190254579b4fbe7f45ad8b10f219f21eb63f74970998e29d70b0f3f97f48601a8e37532560d8ae582c140c3b3dfdd59d2dcb35b91176d5501ad64732557d168d17bb6ff00d51ae9eede4bcc3fd1327a16eeb717517b35c6a54ae5ad2d682c0e21a487f74d8eadeebbce4f02b73ad5dd458aa285625a3b273e5aefcd9c35a1c34bb48223816bb8ada299c197421084b21318ea39e9b9b00c8367411a6f94fa149cabd2dd9efa188731e298932052cb9226064cb68b4792c7ea377adc5d76746dfda0c553a44b081da39a07c5b8ba04e9693cafb86a514fbd1ad961d3aaea952fcc109244891e7efc93d8bc25ec9ba222dc405a65119efc14cd9f86ed2ad3a79b2e77b5b9bf4e621a09f0994c9a7bc7bdc7eca7ec6a0f755a6299efe760619021f9864326c3bd1ad9554756742f02ea383a74aa318ca8c195eda67b99858b99fa4100180000495aa7aecd9447f918d0ca65c498680ea95435ad9917ca1b612750eb09976ebd9f5b3d363ff5341368bc09906e0ee83a42c5bacbd966be15e1c48a4ca6f7b83633bea31bfe1a6d24101b98924c6e1ce2aa75ca25d74fe0eb10e1748accb9ddc125ba84864719803ba147a82de47e9fba96e10d681c144ae237c08febe8b11bc915ae05d1c3fb5e51173e3fd228099278fca5394fe127fdcb4ca453eec2b0a06e2157b4693eca9f83171c966b7155b75b0f90133843ac792776e5797c5b5d45d3583b26718bd75c745f66d1a186a6cc38029968708bce600e699333c64ab5553d12c676d82c355fd546993bef9048f5956cb4cd084214821085252f4af650c450734b293ec6055062771cc2ed238807c172d63e9e4a84f031e8481b87d02ebf5cebd6e5167e3df95a0073466bb25ce324be1961ac5ee72c9d6566b5182d47073411a9512b6e8dc00f99fd8275b60070fe6126a8041f11f21fb9524663e0ace3ab6d84312fa862f48d17f22ced32d40445f569e594eb36c19edb9f55bbba88d8d03f15de92e753ff006f6458092789ed191ff615531b928361ad1a400a93a7b8eec767e26a8896d339498b3890d6913bf31040e215fad57ffc80db069e0e961c47f9aa4b84f78b59def87f4e6ca493c071b3599d73e57851e9ea8a8e252415265583aa1ec91badf24c631b36f7a8951f603cf786e0254ca8d93cbf9fe5664d56eddc571045bdf2fa27298811c7f749799238c7c8af59623c3ebbbe4b4c9e163054dc35492abdd50a9f836f7491ac22b514bb71e3b481a848c219d145c5125c678f8fcd4ad93f17b84fc63b5d57d5961cd3d97856bb52c2ef27bdcf1f2705942c5bab2da22b6cea06f2c6f66e0444165bd220f9aca5538af421084808421482d35d7ee19a1f87aa03b310f6b8c1ca4082d05c4c03f14340dee2772dcab4c75f249a986120801f6007764b6c4eb240dfc0c6f45e358f5a86b0fa8519a623cfe92a462df7f151ea8dc0ebf52a44dbcff85d25d493e765d31110fa8263e2ef9333bff4f8b4ae6c73ee0f8fd4c2eabeae365b70fb3e806191529b2a1ef6619dec697169e13c2df347d578c9968cebd7a4d45ee186a4d6b9d4cff96a0009cc262903c1b32ee7035695bccae58e936c3a8cc456a30f739b51e223338b41243ce5e22093a5d595384db0baed312992d2b203b3733ac41688822e39fd7e4bd7ece606133322de33067823f70fe2a36c01774fe9fd9593e207bdf6fb2461f07d983bfbbaa454260f97a80a976acd4467365dcbf98fb04db8ee3cbd53d6981ec5ff0074d3db3e71f4bad325d3a72ad5d49a29e53bf4513061b98669824480434c4dc0738100f3221742f457a15b3ce1866a34ebe6be779a754c18232bda0003c0059b36d4b239d2a61a935d0f7448b0e267d06bf2527f027331b4c173c980d6825c6fa002e4c6e0baab0fb170d4c06b30f45a008005368b6f1a27f0b81a54bfd2a6c64eb91ad6fd027f347ea7f189755181c4d1c19a788a6698cd9a90759f95c2487b0dda41937bf7b92cd5084c9a66ddd08421202108520b55f5ed871d961de034b8bdccff007465cdddbc016bc09b36fb96d37b800492001724e80712b9dfadae9a37195c53a26685290d3fadc7e27f85801ca4ef456b16055a1b3bdc7e5c9440dde4af1ee9e0a3bab293daced5769601a053606886e56c0e02042e2875490bb6304229b0706b7e8120f265d85617662c6e6220ba04913313c253c8505555e8de0dc49761681263ff00adba8100e9ac409e4382457e8b605f19f0786740ca268d3b36f66dac2fb95c211a3bac2fa6dd19c2b36762bb1c351a64522e96536b5d14c8a9a813f974deb9ba862817653ebc782e96eb636b330fb2f139f5aac345826e5f5016dbc04bbc1a572a35f04f1568ed6155b06ca431d3a7b2a2b7101c20a768b805248a353bc2d306c3f8f7aae89eabb1751d850ca987344b0c0eebdb99b120ff00925d1ade4fd973b52a39dc071f9ae9ee83e15f4f0ac0f797480466a6da6e682272bdacb13fee9bcc944e9bc642842169808421482108520842149a93af0e9664a7f83a4ed44d68378d5b4edb88b91c32f12b4b61e817529de64fec16f4eb0bab2ab8caceaf87a8c97905eca84b621ad032900ccc1266161a3ab9da34c960c3e68d1c1ec2d81c25d3b858895ceedd669acb1fb38d368f726f29866188b5aeb6863faadda55066ec9a001397b46174c6e8244f9af687541b4aa5cb68d2b5854ab7e007f8daf4cb45936d6543044c822ffcaeb2eaff0018fadb3708fa9f19a2d0e33325bdc2e3cce59f35abd9d4d62a4cd7a40c0208cc5a4c779a6c0883a18323868b647403606230387fc3d6aaca8d0496659ee037736e05b34999fcda71a5bbe0ca4d7aaca10842db0153f497a4d86c0d2ed3135037f4b45def3c18dd4f8e837909edb7b5450a6e76f00c775c5b3160e2d1024c0b91aae5ddbf8cad8ba8ead88a84b9da9e5b9a380e03722d6a63b3bd3ee99d7da75b3d421942993d8d2fd20ef747c4f3024e9c161e42ba181920ea25bf3e29adaf820c0d8d4c81ceff00544aae28186a64e814aa52d3716956182c196b06bf0dfc493294f687d878feead9fcb35eaaba34dc662a6a0069536e6789226643458711a48f382ba169530d000d0085a67a876bdb5eb88390d313ff0020e19247817faadd2ac7d8cbd04210b4c84210a410842904210a410842904210a410842904210a4a1e93ec1c3e243057a79c0263bef6c718cae10a930bd5c6cced813850eca2407d4acf6cf36b9e438722084211a9b6b7745bfa07b39f5ded385680032cc73e9ea2ac93d9b849b0beb64cecfe81ecf6e25cf18705d4da4b333eabc34e9203de448dc771b8baf10ad45baa6c3f44304fc654a6ea3dc151c0343ea340198d8657081cb72cc28757fb358416e129fabccf8cbae79942152456d64184c253a4d0da6c6b1a346b5a1a3d0279084b210842904210a41084293fffd9, 0, '2025-01-08 09:45:18', '2025-01-08 09:45:18'),
(3, 0xffd8ffe000104a46494600010100000100010000ffdb0084000906071312121512131316161516181d1b17181717171a181722191918171a1a1a17181d28201a1b2520171721312125292b2e2e2e1a1f3338332d37282d2e2b010a0a0a0e0d0e1b10101a2d252026352d2d2d2d2d2d2d2d2d2d2d2d2d2d2d2d2f2d2d2d2d2d2d2d2d2d2d2d2d2d2d2d2d2d2d2d2d2d2d2d2d2d2d2d2d2d2d2d2dffc000110800c800c803012200021101031101ffc4001c0000010501010100000000000000000000000304050607020108ffc4003a1000010302030603070303040301000000010002110321041231050641516171132281073291a1b1d1f01442c172e1f1235282b224629215ffc400190100030101010000000000000000000000000203010405ffc4002111000202020202030100000000000000000001021103211231224104325113ffda000c03010002110311003f00dc508420010842001084200108420010842001084200108420010842001084200108420010842001084200108420010842001275eb0634b8e8128aadbf18fcb48b06baa49cb8c6c684793a18ed1df960716b481c24a8eabbdef3a3f4d40d475ea1653bc7b3ea38f894ea66e60113f0d7d14460f6ed46912e22a34d8f3e8573f19495f23a7c22ea8dc364efd3d95036bf9a9b8801e3ae8568342b35ed0e699074217cc34f6ed8d468f2cc54a73ee93fb9bc84c2bd7b35dfa2ccd4aa1ccc12e1cc03754849afb139c54bea6d084c30bb628d4607b6a3483d533c76f3d0a7aba6d3655738aed925093e9136854f76ff00e1e2475f928eaded1d82e04ce83e893fbc075827f8682859db3da4b6632deff111f74e287b45a66e45bf07dd67f781bfc265f10a9eedff00a035fc952783debc3bc7bd169bf54cb2c1fb15e29af44ea4ebd66b1a5ce3006a545e3379b0d4c02ea82e6046ab30f695bf25ee142918a624b8837740b2d735e8c507ecb06ddf68803dcda3018d305e78c6b1f44d30fbe950005ef8cd700eb1cc8e0dfaac91fb60000868075683a0e399dcd4462b6b3ea12038993771d5df61d14b8ca4eecb72845551f4a6eeefb53ae21c46b00856f699b85f36eece29d8765dae73dda74fb93c96d7b8fb48d5639a4c91d67bfa231cdf2e2ccc98d57245a10842e839c108420010842001657ed4f1269d51c885aa2a3fb50d8de351150092cd63513c54f247944a6297195987ed2c465799b83c62e79191aaaf623141cf26a36c4f0d4273b56bd4617539200e7cba7251ecac1a5a4dff00dc382c846869ced92188a54bc3cd49de6e3c88e451b0b69b69ba0d811053234d8ef70413a01c7e2a6b777761f51e1d51a72ce9c7e0b654a3b08db968b7ee550aa693aa673e630d6cfc3d54a56d8789a87cc436d01d3204998213ba15fc368149a61a2c00d08b1d753d139a15ab5737ff004f9ea0f4d6cb81b6dd9d8b4a88ea5b169b0d9c0bbf737f6f58e4744857d8ed0c2f1e48d013d7eea4713b30b5c737b875c9a0d4ccf0d7b22931ae194b5e5b167983c3480663e5f146cdb45429605d2193617cc63998bf52158e8eca600d7c67920c0d2751e9794f69d0a264651a71d20ff1728c4b1beec3dac1c41003a7b994d2d98b4215777e9bcce719e086b4fba09e3d4e8911bbf88659b06c2493ac4c404fb0db349748b0139336b6e23e573c97b88c757a06003526c2c49efd52efa02a7be9847d214aae639661d2748d552b69ed1f16a5b49d7a68b5bc691558ea75984870b03a9279468565dbc3bb35293cba9b4967cc7d82e8c125d323994bb471b4eb506b006c974696bff51fe028ac256c873c5f805ed3631865d7e7c4fd9719c5c8fceeba12d51cedeecb36c7c5f8af68b86b60bdc790fda16c3ecaf17e23de40204587aea561bb1aad47b9b4b84f0d23f92be8bf669b1bc0c3e6220bfe3eaa6b1f9d94964f0a2e284215ce704210800421080049e22835ed2c70904410944200f9f3dab6e4f82f351a6c4794f3e84f35959a2418375f577b45a947f46f6d522e3cb3cd7ce5bb7b07f538bc801c8d32ee50125a8a63d72a25771f765d7ad51a6dee8d3d615f70551ce05993311716245bb7d538796332d2680204082d81de663d0292f1fc060c8c198eae0734fa9b9ec170ca4e6ed9daa3c1521af826930bdfe47b8c80f20b4f290d13eabdc3ed574c17522ee0d05ff3b69d60243f5799de25630d1c21ed1f03727a094e5d8965407c9038431ccb75bcfaaca03afd4c920883c434f987500fbc3a28faff00b48d3a4e5f80d279fc5298a7e80b647022e7d438cfc1254d8e68b79af304fcc4c1ee0ad48041b4a1e45e328e3c01247d53bc2981241d788ffab7f0ca49ec01e4c709d6d1fdcdbd174585c1a4da2f1f4902e4f45a81923fa987795a1ced002648fea22c3b426f8bda6e921aea523504bbeda760b9a1525a5be1c0ef04ff00c5852871aca60034a47196b9d03983c16501cd4a3e23054a53508d7291039c3627f95198fa8e914b216f396ebd003c13918f731d9e95da74b3dd1da3f952356a9af4e5cd01e3f7176423d5a0fc0aca34c9b7db75dd4dde2d361ca6ee1631f60aa2da64d8596f145ccaa1f45e01cc20c96dfb46bea164fb6362fe9b17e1bc1cb3227422574e1cadf8b39f363af245f7d93ee4f8a7c579f2d8b8ff0000adde9d30d01a0400200503b8f88a2ec2d31488b0131cd5817424424c10842d1410842001084200178e3175ea85de8da428d2371242c6e8d4acc97da9edb754aaea62e3411c2fd973b13014f0949b4dcef3d482e20106fc2527b0b09fabc69a8f134e9defa4f056c73a91a85c4683de245bfa42e3cb3f476638d6ce6a7874b29914c0b6614c3dc4f5794cb1f8a6baa66a7791ef91041ec78fa26bb4b69d232c02c45cc8f8c9d3d155368633207647c036b4123bba4c9f54918d8ef458310e20804c47203393ccbbf6fa254358d871a8d0e3a0156a663db99557d8b88a61a6a56712c6e8d2e8cdd491c07d52aef684d63a29d1a61a38dc9f894fc65e90bc97b2e152bb44025c7bfbddefc5798bc434373f117b1378e6382a4ed4def7d58cb01dc74bfa4290d8159f5841e22fd26d052b8b4ad9b69e89eab59a181f169d3b5c0f427e49ce1abb72e63736d4cc4893039f54d6ae05fee41cb963f3d02ad6dbc63a91b5af61c75fa2c5bd234b9b2bb0871922d6cba8ed1c545b830c96d6048d41acf247f7558d97be6fa2d8305de89d51dfca551d96b51641fdc241f884dc25f86728fe9354492480419bce501e3d7f77d548ecdc6319509a9e58101cd1264f41fc8550db55a9b61d4aa1f0dd1c6ed3c8cea391461f13e24175416e0603bffa908e3ecdbf45e5992a8719f11a67cc5818ff00470d7e0ab3b7b02cc5d1218ff3d206241931c2549eceda94a435cd88d08207ac8b152d42a5215272c023de0443bfa829db8bb36935442fb27dbce655148d81b19ff0b6e057cfbb4681c1e3fc8229bfccde42784adb376b690af4419b81057763959c792344ba1085424084210008421000b35f695882e78603000f311af65a3d57c027905846fb6d6ccfa84880498bde0249f54531f762bbb191de3383a1a0019672b471b9e6a4763be8b73673e219d2f1d9b98fcd55f71b102a3cd3cb2264360093fee24e8a637a1c454ca22183ddcc607580b8e6bca8ea8bf123379f6dbdcf2d1958394827e42157d8ccc65da0d38fd8271ffe6e769aee0201e078f69faaeaa464b45f48049558a4950addb2371f867546922728b9bdcff03a055fab4f46b62dd2fd8d95a70588830e983633c1283074038410e738aac655a272872da3dddddd773cb0cfbdcf805abec2dde65168cadee79a375b6735ac6b88d345726e1ecb924dcd9675054886fd0107311e8a037837699587ba27811f457a7b1b1c252556888959c685590f9c36f6ef3a9e679fda6e3e8ab741820b5d1733617ec2d6f8addb7b766b7239c06ba859ad3c1e1dc73486b87cd7462c9e3b17263b7686b82c3ba9b407e9c34b4f020d885dbda5a65ba1fcfcbaf71958bdd0263400276f8c97cb6d675f9ad7fa6d7a26375f6c10e0d706d41a448cdf38b294dacfa0e2c2c70641d2e0767169b1eaa9edd9e6906d66810ee64fd255a7764171730c38384869798ee070519c52768a45de98db79dad1529173890e64000ce9c5a78abafb2bc410e753719b794f30b32defae195853ca40699cb00e53d0b781561dc7dad92b52745a4037bdfa2ae3b493253dda37842f1a644af5749ca0842100084210031db754b6854235ca57cf1bccc352a40131cc9ffa85be6f6be30cf99d39c7cd7ceb8cc7e5ace9cc5bc436d3d331e0925d948744efb3d765ad524b6437dee53c1a3894e37d9c58f6b69c8cde6798b99ff7284dd9c68a588f123282239c5c713fb8fc949ef1b9f55e2a54d081959303b9e9c5734d79d9d10fa955c463df05b4e032f7ff00775e4bac363dcc665241f5d3b2476b997e5810386823af20a3283807663e9cbd3977564ad136e98f81cce9ff0003ee9f6c7a39abb06a330fcec902e00794de24cdbe014d6e8d22ec4309166c9e9a249ba8b63c16d1b36efd2860e5f652eead98c0f747cd5699b49b49a05afa9257b4b794386607253d01804bbadd430c5c968dcae9db2c151c48d126cc496f95da1d0f2e8a08ef55398f14fc18bc7ef18105d0e63ad987ed3d555e2976993535ed0bef1d0cd4cdb511fe560f89a796ab9a799fae856e436836b34e92391d5647bcd47c3c455b5b34f4bdc1feea5865e4d179af12098f2d748fa58fd93cc7639cf680081d3fbae4bc1173e61a469ebcbba88a841748d26e0e9ea3f95d495906e896a38f7986d482de07947c8abbee3bbc4cc2a0399976ba2489e5d151f647bc5a6223470b77edd55bb762bbe9173d82591e661331d41e5f70a397a2b8c69bf4ccd8a01b964b75d41e11d0a6dbb734de1a44104441263d0ae76ee243f12eab19c103431c350471e0534c063735706f96600772e45c02ac13e29127f63e99d9554be931c752d09da8cddb3ff8d4f5d3899f9a935720c108420c042108020b7d184e15f060c2f9c76b12da85b62f26e49f747f0be8fdf120619e4f05f37bf0c6a57717713209b099f994927b2915a14ad57c32d6832ef7ba0e2499d7d5588e24d6a74635209738f00dea7ac2ace406a39a0e67110ebdfb0efd34128a5b44b5dfa7691e620388d1a06ad07d14671b2d17433dba4076506da9e67ba8ec3b8170cdfd80e4a5f69619af01ccbdc8ec1ba93cd40be0123e29e1d0b3eec9dd9545b56a40efe9d6782d1b606cf68cce6fba044f32752b29d8d892d7e51fbed27809b95b56ed61dada2e00ea09e7c22573fc84cb616a8af6da2ea872e62d6cf9ba35a275f4546dbbbd4f2e8a7660b347202cadfb6299346a01c5878f10663bc71549c250a25a7c927a9332abf1e3e34c9676f95a07edb3e1e68bc279bbfbcee74d2aa7c8fb1e93a1f42a1d8df316e5b4442798cc3d1b656419b4132aca289b9b349d801d4cb1a5d3048ff8f0bf14a6f36cf697c9d1cdb1b588efc121b268f9698e2d6b0033cb5f5bfaa97df4c287b4498807a6a05d79cfef676a7e29194ed0a4da55329b47d0a89c4386639663ea94dad8b351fe6105a22dd38a6b4ee405df14d2d9c9276f44cec2f33b2cc45c731fd95b5d8b3428559b383800469044833f155ac0e0dac6cbec498d7a4820f55d0da2eabfe8bfde65a09815380f5b28c97295944e950e70f5f382dcd91c2491c3bcf05cec997bc08878378d1c0f103ec926531e286130f88064091c27af42bcc261fc3c434b74075171cadcbb2aa26cfa577581186a7264c6aa59446eb47e9a9c7252eaaba22fb04210b4c042108023f6ee1454a2f69e52be70deac21a6f2e1a832390bda7aafa3f6de33c3a7d5d60b16f6878088701689ee49d4f4509cd29a45f1c7c599f60ab3a987088738c493e633cfa2470cc9cc46b793c874ea534c438971e2bafd496b4f19f28e5ccc2a508992db3eab69b61dfbc5872bcca615f0a1ae3078df9ff951d8a7bad27afc53ac09999d4fe4fcd2f1ad8dcaf426c10f1c3aad2bd9fed27babe5719696e59d008543c5e1a2c3568bfaaf686388312401161d3f94b25c90d1f166b1b7f6496e7b189fc2b263448aaecb300ccab663b7a9d8a6454acea5000860073c5a64e9f3558c4e05a47971113c088f8c2d854459dc899c46dd6ba8f8418c0f8bbc32e7d79a88d998426bb734c6b7e3c9478d94f9b556f792a4b0b846eaec4931c1a3e84a7724228bb35bd87b2ce6613200bf411c55537ef6954fd4383490dcb97983d47e734d46f5bb0f48d3a759d5b3b4897000b01b70d7baa956c6b8f96491c3f39a82c7bb2ee7a1816f9cf74fb0d8505ed24e927adaebbc36164169d489f87f84c71ef2223513fe556edd08d71564bed4aada8065d18008edc42655a910f638c4903b1e47ba8bc35474183d613b3892f68ed97a48d250a35a15cac7d8ec4bde5ae03ccdd48d6dcd4f6eae073bda48d4827acf10aa385a8730bc775a8ee1e0a1a5f101b04743f64995f188f897266dbb270e29d263469013c517b03698accffd9b670528ad169ab44649a74c1084261410848e2eb0631ce3c0200aa6f7e3e1d004e51cc0ebaf0ee554aa30e2b09533f024820833d074093deaabe217171860379300f42752986c7db39ea1a34da1b4f2c171b3401cb89f53dd7036e4dc8ee4b8a48cd768510d7107ca274e27b9e0137a807962f9649ea4c116e4a677c30818f240d4db97755b6e2728748927f2ebae3b56734f4e8e08905ced4998fa2e695420c8d5295da1b1d6fdc94d9eeca539364d60313220fa95c55c241fce298d1ae333473d7e3fe13fc53a5d9a549aa65a2ed6c69e1904f45e621f23a8d53ff0ff0039d804d6b8680ebde509838919e23a6254861c968ea5352cb9eca42806bb2dee42693162b626da2730ea13cc3e0e4f6baecb224f2d3a48fecbcc13a0933ae9eaa76d944920da78b81035e07a5d4355aa499e2bba988bba7869f129bb5d9aeab18d223395b1c36d0f6ea0cc7d53da4d10ee12730e439cf4e09a5160209e571df92f5f89cc1b0208d7f3b2d6ac2e891d994039e1a0666cf4cc3d78ad4f1cf385c3530cfdd0492e032f420f02b3cdd3c38738388800dfd74215a36bedd8a9e15568753cb00c4b4f2d2ff02b972ee5474e3d46cd0371369cd4870cb223507b49e3d085a22f9ff77ab7845a479984f03207f491a7e4add36462855a4d70336e29fe3bab889f223d48788421749cc0aabbe9b65b4dbe1823315697ba012740b18de6da4d7622a547f99ac9cade7c07c54b2bd515c2b76c83db1882e76671326edb4968e8d3604f5515b4314e20300c91c09b81a92e81f284b6231c73679cf548f2b41b53fe077f82802c74e4d4beee3acc5d4a312d290f3158c6d605ae75da2733a04f58e1d02ab6328e533f04a635b731a94d8e28b8cbefc95e31ae884e57d9c1ae4893c2c136739392d0537a8139316a44004a96cc1e001eaa141b25a8e232831af058d58c9d12188718d63828f73b82edb8b25a04689272c4a81bb39252ac76893cabd6fd16984a51a8e882641b4a55d51ac041f4516fc59cb1d7e8b8af5f3013ea9788fcce6b410084835cbb26cb9a613931c7ea0816d0ea138c151993c38f4ea9b0002e862cb49c96910b0d4591b8a148786d74122e44117e9c474e095d9f8821a584177406f1a8224191e8ab385d4730a47cc0c0305865a797153712d19964d9f54b65c0e904900826fa96ff00216b9ece77843ffd1716cf7f558de1f1873178396a7ee61d1df2823aa9dddcc68a78a65564b43a3337973f828d54acabf28f13e89424f0cfccc6906640bf35e2eb38c8fde7c5f85867ba62447c5603b76a97b86696b05a01b99e7dd6c1ed23185b4db4c5a4c933cbf95896d2b799c3cb32473bda4f1278fa294b722d0d4452b96e8d131d601b6bd7e8143d4aaed4182444f7e013b15f34b858132e27e4001a0d0471f451ee71749026e0761f74451b2635da246620700a3725ede8a43166e7a9fa5937a0c21c9d127d8d9d4a0240b14f54c30209fc299d4c2421481c48ea6dbf75cb9a9dbe8198e293f06d3aa6b3282832c94f0ad29ed0c302db734962864681c64a4bd8fc7563491f9d976ea369e09bc292c3b7333acad7a163b23ebb124d6a95c461c06f54c3c1b4e8b53094698955175e06a74ca06638a5e9e127d116650d1b4a6170e17ebc54cf81940fc85175812eec84ecd6a85f02e04c1e3fdd39656337bf0ef1cd30a320e929d52790470958d1a9939862db8708efa0edcbe896d96f2098973247711c94732bc439d702e08e3d0cea3e89c6cf3376fbb3a72bf03c08e0a74554b67d23b8b8ff001b08c32496f96fad90abbec9b1ae2c7d23240b83223b742bc548bd119aa910fed6b12e3545369d75e1038959ad5a731e23ce51394681ad16cc47d02f50a7ecafa23f69e2468d043384f1eb1cfe88a758e50c10d8124ea648fa81f54213897b1935b99c4e81a207f08a34b53e9f74216983da2620730bba948483ac5cfaa1091f6517436a94266353fca296032c1e73f2421160923ac35201a0f2ff0029b6329e66df5d7d178847b07d11a29de14a619b95a235173d9084d2121d8be268b63acfda1735b033279142122651a4c28d08b917faa734a8819b84991d908430484316641f828fab4b8f30842744e471544384684252b3fca25beef11c9085a28a612a8f75dee9f97584eb0e08cc1ae307de1a83e8842c63234ef6398a736be426da0e3238142108804cffd9, 0, '2025-01-08 09:45:18', '2025-01-08 09:45:18');
INSERT INTO `avatars` (`id`, `image`, `price`, `created_at`, `updated_at`) VALUES
(4, 0xffd8ffe000104a46494600010100000100010000ffdb00840009060713131215131212151515151515151515151515151515101515161615151515181d2820181a251b151521312125292b2e2e2e171f3338332d37282d2e2b010a0a0a0e0d0e1510101a2b1d1d1d2d2d2d2d2d2d2d2d2d2b2b2b2d2d2d2b2d2d2d2b2d2d2d2b2d2b2d2d2d2d2d372b2d2d2d372b2d2d3737372d2b3737372d2dffc000110800e100e103012200021101031101ffc4001c0000000701010000000000000000000000000102030405060708ffc40040100001030105050408050304010500000001000203110405122131064151618113227191071432a1b1c1d1f015425262e12372823392a2f135245373b3c2ffc400190100030101010000000000000000000000000102030405ffc400221101010002020203010003000000000000000102110312213113224104325161ffda000c03010002110311003f00db382416a72894d6a9da3aa3f668bb253031283103483d8a1d8ab0c08c3131a57f608760ac8310c08d12b7d5d0ec1596043023415bd821d82b12d4d4af0d1528d0409194f150e72d6e6e3e7f24dde57bb595a9ab8e8dfa9594bd6f07ca2988efad2b4a70517291ae3c76adadbb53030d2b53e07e40955876cd9b9a40fbdc7359c7d846faf5a051a7840e1d4fca896d7f1c6dacdb6b19347b72e2168ec36f8a5158de1dcb78e8571993901e602559edd2b0d5bee750f9a7295e38edf851e15ce2e0db29584365abd95cea7bc3983bfc1744b2dadb2343984104553db2b8d85e147852b121891b2ea4e147440b924b91b1d4b0128264391e24fb0ea7c14e0728a1c8f1a3b1744bc6105131a08ee3a2676694d6296589b7051328d34406250624ba448edd5cca1587f0230d51bd679a3f5a4fb42d54ac2861517d6821eb49f685aa9585224200249a00a39b5aabbfade446036989ce01b5d06f2e3e02a7a23b41a58da2f185809748d007121737da3dbced09641dd6039c9954f8701ef549b6b355ec8daf7bde412f2e3502ba068190542c830815a0a695e3bf259659b7c30fd5ec16c2ea606bb9bde7ea53f2db636e58aaefda0bbdea92c403de050bc9a9a6ef2e0aeed6f2c68140d3c1b42eea746fc567237fc4396771cc023c6a079955efb711abdbe64fc926d6ecfbeecceed5dd7828d14588f740006f3af97f0ad07bd71a4e6f6f5047c92cb41d1cd3e1ff004999e3899ed015e7afb9306d0cdcd1f0411d7be9ab7aab8d9bda3759dc05498cd2ad3b8716aa58ad3d46f07509523587857ef7a0af976abbedcc95a1cd703515c8e8a62e33745eb2c0e184d3e07c415d4b676fc65a1bc1e356e7e61367715a614458a53588cc496cb4881a816a93d92231a36348d4413ae6a410822104aa20834e36c4875a931d8a060582ca7ce9b3222744905aaa5228bd16249a224f60bc486248413056259adb1bd032321b9ba840e55d68aeedb3e06176a468389581da59b08754d5e72af9d48ebf041c9e591b45a4876a4b8ef3b8ff0008c31c48cf34d3dbdfaf51e254a02833cb21529d6916974d9f81c35dff0099df5526fc9842c0d6d0bab4cb5c7c3991c7724dd12616e27644e6dfdad1cb8fd525cd0f9713f30ca803f76ff7e49c876abec5743dedc47da7903c067f456978d959678f505c74a6a5c7e9f4425b7d3bacd72a72fbaab3b9b674cd474849a552bff4f196fa73f96291c6b427a6b5dc902135a50aee106ccc405300516ddb1b13b46d3c157c90fe1c9c7223a7dee42d272f13f1cd6d2f4d8b730f74d550dbaeac1ae646e44ca56770b3dabec38c8e3d7e6b4163b549196cb1d5ae6ebc1c381f154d63a83b95c598839695d42aa9753b96f96cf13646ef1de1bdae1a8562eb42e6db2d6b30cdd993dd90ff00cbf29ebf45ba25669b1384e8199426a3412499120bd304a2aa024624498aa240598b50466d2150d4f14a15e28f84bbaddf384c3a60a08078a560e6aa70977483284932a408d2c44ae7097c82ed103229564bbcbcd011e28edd7718c804835de9fc25f228efb93fa64f0a1f220fc9606dd473dce7e600af8f05bebf5b48f3e22be1f6173cbcd94cb8027c7701f151963d5b71dda8cbb7f13979a507071cfd96e67994d5a1dc3ef8a3af772fb254b45959ad189c2bc9d4d3421df26a8935a9d519fe6f7d73f8a381dde237d053dc9b76640d4e655ca5a4fbba225ed1bcbbddbcaec373d8c35a06940b03b0374991e6678f67badcb2aef2ba6c228b0cf2f2eae2c3c2488d196e48da838acb2ade457dae0aac06d6ddd43886457469166f6be0c51123500f9238f2d54f2e12c72e91b84d69e23e8a559246b8eb43f150e49f504688a8df0de0eefe1763cf5c4f52de0f6e6d3c405b7b8af512c4d71c9d4a1f119557388ad2742731a1e215fdc368342d1baae6fcc289e465e9baed820670a8fd60d125d3b957565b5e76e117ac05426d0e4a6ce51d4765f76e10549da9411d4764836b47ebaaadee4d39cab69d2e3f1008ff001154850a14f7469782f343f155440141c0a7da969a1b36d13986adf239842d7b46f90f7a9e00502cc50a315476a3ac5a5e96fc51b81e07cf72c85aaae22b4cc50d14fbc24af76be2a926ab88a122b9d780fb0b3cadadf0c7511ed5663bdb5e6144932a0dc15916b9d963277684a64dda4fb4e02ba0de7a28db4d7fa564129cce753403c2ab65b2db2e6638e5a869dda65c2a99b158accc6ff51e013c35a795558592d6d8f282d596e0f04fc92b77e9a638ebdba1dd760642d0c60a01b82b06d166767ef095e692613c1cddf9e8b4645055617dbb31f312014bc3cd666f5bce56e51069f1dca8c5e36c79ce663472cd398ed3965a6ee6605457db6b1b86b91f828564b1b5c2aeb43dcfe21da7804f46e7d1ec90825ba3b4c4d3a1238e495c641db73cb8ddb5c43c8e64511c0fc4d20f88e240d425ed13305a5e37554784d1f5ebd0e442eb9e9e7df74fc72d7c47c15e5cb68c2f1c0fcf559cb41c2e0edd5a1eb98f9ab3b09ef01d3a119241b96b928951e13500f24f10ad851a718d4db53f104c8ac0893f4413d055c898253d2261ca4cf313ad6a8cd72798f403ad604523136e9120ca9ec2f2c176308cc5543be2c2d6825b96a99b3deef664287c5316cb7b9fad155cb1d264bb656f5b451ce151f6145b3cac6ea4b8d370cb44fde966ef38eec88558dad68283c973baa2c25b66469dda79ff000a35ced32ca5c6a40c86f50ed2ea0a7d9e6b67e8cac2d7b5ee22bdfa7b825978c5a71cde5a45b06cf9edb1cb197c64694391a6b877d14fbbb650636d5aec01e1d84e40b46a30e1c89000d574bb3585bc14b16368dca67235bc32565eecba3b3cf4ef540ad7ba7715a6b437b9d125ec04a7adb9342cee5badf1c752465adb77bdd4a6753e384786f2b237edc93095f824930f74b5c048e3a0a86e1c81ad755d46cb183a84b96c0d3b8755a639e9967c7bbe5cae086664cc8ebdb1a025ec185cd75336b88c9e32d79adb0b3bb0e7ad15a0bb9ad350d03a266d868d2a33ca5aac30b1c2f6ca322d2f3cd42b39a8af0fa7d68ad76c64adaa53b8611ff11555b606eee3f05d32fd638f29f6a76d70d72e22bd4553f74baa595e343f7d13731a161f11f0522160c54196695f496c2c2feed0ea0d14c2a158dbf01e6a6d15c637d8353f0a600522109c4a4208e88264a97a8ef521ea3b82951202584a6469f64695aa9119ed344d35a54f24261e06e51b5752d908a287686d0a75d391964a34849a92af2b34893ca3cccae5c5675d1e17104d15f493687772cd57dece8dc2bbf8d28b2db7934a494eb4d0675e25743f44bfe83ebffba7e0173a3deeeae8de8cff00d0900d44a6bd5a29f253c9fe2dff009ffce3a5452d12df32a8ed4819e4a5d8dc4e645173cba8efb254c819c4a76dfa2a2b64b2c4e2e06ac3bb81e2a33ef779146804a31f311679ded73092d70560d94159eb2cb21157d3a57e69c16ea1a1cb82b9e05c655bccf0a8af693ba7aa92fb55556de0ea824ee07e097eabd62e597e59439ef7bc902a49cb52a96edcdd5e6a45e77eba6ab03001522a0d6a0139d29925dd6c0d6971e39755d78cd47999d96f83d698abd0fc7ec2100351f7e0a6328e2471a7c51b2cf57b5a38d7a277d336a2ccca347866a414968c92e8aa31a014881300291670a93526882770a098513d477291228d2150a390b93b894364896f99465eda63e88b53884dc13d5316896aab9ef2d291ae259546368504daea100ea8af9f24ad18cf2932b72d325496d613bbe2b470d92a2b92876b8468d15e7f7aa8f4da3371c41b53c33eab6be8ced385f2447f3b43c732d201f711e4b236b8cfb34e7fca7db7898246491eac2da0e229de1d73095f334bc7eb76eded008a2a6b6bed7038bd87b588e6e6d0768ca6a5b97787239a9d75db593319230d5ae150791f87f0ace7195573ef5e1e8636556416b9646821b883b2dd4e75c93221736aeec48c26877e7e7cc2b282d6d69afb273cc655e8724e496dc88c668733936be6b6c7ae93963c9bf1a525aef6ecc55eda6ecf2ce95a0cf350aeeb4cd69ab8c6638f3a07fb44ee341a2b57b1af762a54fea399e9c14a734008ba2cbc7b3259419eaa8f6b6dbd9596576fc040fee70a37de55bb9fbd737dbfbd7b59040d70c0c3594fefa8a347319e5c68961375972e7ac590b0419786a7855594eeae16814cf4e5cf9a6e2dcd19019fdf34e5379dd92e9b5c321c85e71135e3fc29b7749fd71539532f87cd4189b9f8a916286ae18b40751a853b3b1b50724eaafbbe7246e3cf4f356216b1cd94d0948b2ea9852ac4335494ea209dc282ad132d2951242a5bc28b2b567a5a2492d125d68516dce2a3f6b415252b0e5584520dea2da9c0955b25e26b46828c4dfa884baaf69140a45932298b335f29c3146f7bb831a5c69c7256f06cbde1a8b24bd5b4f894b43b6870b33d45381d3a14f48d681a8af0fe027e1d9cbc0e5ea5275c207bcab8b0ec15b9f9b9b14237e27173bc9a0acee15b4e5c58eb45de4d7424ef3f00154da6e299d986d5bfab72ed162f4790b686691d29d695c0caf80cc8f129cda48628217bcb406b1a4f402aaa63a2efd990d8bac3031874abba124adf591e1c163aecb216c4c0ef6b08aff71ccab486d2e8cf25c795ddaf4309ac645d5a2eb0ecd431739e3ee4e477b8a273f14145715ba11d8c345542b4cd528ad779577f4deaae79c9e5f1454daa7db4bf0c10bbb33df24343bf4d4e6473a55738b0d8649c96b73342eceb99dfe249f35aada1b1496bb4c3658454e6f793ecb5b9805def5ab9364db6411ba269761696be99b9d5a778577839d3995d3c78fd76e1e6cfeda737b359f09ef020814a114a78a8d689f3c865bbe6b797a5da243da341034cf235fa0556ed9a273c8f2faa765da3b4d33764c55c9a4f4c95e59aee73b3a16f1c8ab0b2d8cb32000f3f9ab38189f5da2f26bd22d8a37305281580290589c0af19a67965b056977c63255615addb9a7a42cbb3413b4413f2371887a8d229cf628b6921ad2e3a341252351de19665504f39254bbcadc64e4382ae8f3cfcbc1391521c6e5a75458913cd1365c9e8d79b2db533582612426a090248ce9230572e473c8f15e8bd9dbee2b6c0cb442eab5e3307da63ff00331c37105796631bfa05b2f45569b732d7d9d8b0963e8e9db257b20c69f6cd3470ad0535d3c1157a1b0a416a758dcb3d51bc23448ae0b9e6dc4fdb4f1d91ba652cbca26e83c4ba9d015d0ed8ea3495818eef22d13ccff6dee03c236b406b7e7d4ac79f2eb8f874ff003e3db2f20c8f2499d992951332ea53523179bb7a922adde09b254ab442530d62b94841a9b9b1121ac6e379d1a37f5dc12a490d435a0b9c4d001bc95b1d99b87b218e4ce476a780fd2397c56fc7c7dab9f9b96610d6cbecdb6ccc2e777a590e291fc4d3d91c1a370e6559daacd8852991d7c392b4c29258bd09249a79772b6eeb1d7c5d3ddeeeeddc9528bb5db9744920a835fbc962e5bca36815700b1ced97c294eebb1d54eb6ef70531d7b47fa879a2fc559fa825db22eb108d81c513ec0ea29e2f167ea08cde2ce211da8d454bac8e1aab3ba8266d76e6d35085d33e2392d71da2b419209ac48d5a592f56712b25b537a549859a3490f3c5cd3a0e4082b63b437c36084b9bed9eeb07ee3bfa0cd72b95e4b8d4d492493c493525638eff005b6a1129ae5c724acb409bdfe08d8b4029921a2a8e52971372f14c8b1ff4ba37a0fb7b596c92276b344034fee8c9753a827c973aa27ec76874523258cd1f1b9af69e0f610e1d2a345343d6490f2b3fb0bb47ebf651316863c39cc7b41a80e69c88f1143d568804c919d157da599b610649793e9e402d649902b27059ea0babedb9cef32572ff0055fac75ff24fb5a84f610cca95d73d35cfdd54d9568f86bd146759b35e7df0f4a59509d155555ae335a373272007157f3b2829bd5edc77208ffa8f1df3a7ed1f55b70f1dcab2e6e5984dab766f674423b49056570e8d0770e7c56958ca25e04745e9e3249a8f272cae57749c28614b29255254db5d7a0b2d8e79f5c0c3847179c9a3ccae3fb4d2e20d7309c2e008f0398fbe4b55e9d2f4c3041660686493b47f38e30683fdce69ff0015cdae9be2ad11494a0c98780dc0f24b5bf257d1b2f70fcc7cd2ecb33abed1526d9180a3d99b9945849334eee25390ceee2547b50c93b624e1548ed5dc4ad36cd1c9518882bcb97bb44ef82d34d891263b5414f75f5720be6de64909af7464dfaaa99938f3551cbb779224514344b60486e8025c9926665d99525a1350b73aa78048140251448241bff43b7f7616bec1c7fa7681402b909c66c3d4070f25dd9793193b9843d870b9a439a7839a6a0f9af51dc779b6d3668ad0dd258dafa7024663cd054e5e92618de7831c7c82a3b00fe9b7c1595f75313c3454b9b4007ee344cd9600c600e15a6e1a79ae7e7c6e5669d3c39cc71a698c3b857c1488eeb71d683dfee4b65ead69a60207edcca66f4dadb1d9e37492cec6e104e0a8c6e207b2d6ef76eeaa70fe7c3f6ec67cf9cf5e1360bad8d35399e27e8a64d306b4b9c435ad04924d0003524ae3d7cfa736d2964b23c9fd5396b40ff16177c42e79b43b73785b5a593cf48ceb146d11b0f8d33775345d38e331f11cf96572bbaecb757a60bba595d1bdce8407b9ac92403b291a0901f8c7b20eb9d355bab35a992343e37b5ed398731c1cd23882325e4010553f6496684d619a48ff00b1ee68f2068af497af0a002f2f5936def58fd8b7cbfe585e3c9cd2b51707a5bbc233ff00a9115a194d70889fe3560c27c8234107d2fde9db5e32307b3086c2de64343e423fc9d87fc563d813f6cb63a695f2903bee73c9df573ab972cd2436a83d2cac76bc430bb5dc4efe4ac2cb06672ddf359fa2bbb92f90c3865cda72c5a96f8f1095f45d52ed5065a28e3bab4afb307508cc1cc11a1094eba81d5aa2665d6a96cb3d55f58a5a26ff000c0d193557cee734d023b6fc1f5d79697d70714166bd61dc51aae90bb5605e989734f39354cd528f30668a44a66893a9419718c9381100812901946935461000465e435a2ae71000e24e8bd31b2177fab58e284fe46d3e7f35c73d12dc5eb36d2f70ab206e2e5da1203479622bbccba50782291366654623bf4f04f39a94c341454fb53b45158a232486a4e4c603de73b5a0faa0226d6df70d86174afa633dd6347b4e71dc3e6772f3ddf3793ed32ba5929576e1a34700a5ed15fb35b2532ccecf46b41eeb1bc1a3eeaaa688334e8824f62a4510a27b2d10d8c2516a3293548c9c2136d6e33fb47fc8fd12cc65d91c9bef77f09e2404c0831112883abe09b9244688a2fa6a809828f5484c34d70ed2becf9503e326a5a6bd709dc5754b8ad115aa212c46a34703ed35dbdae5c2312d9fa2dbd8c56c11d7b930c047ee00961f88eaa6e1295aea4ebb7928d2dc80ee5a00f08630a660cfbb35f808e08969b10415752ecf31b8a6d9a94991c8594ea9d6db4adc8e308a896d48148904483282052549bb6c6669a2846b248c67fbdc1a4f912993b6fa1db008ac38c8a195ce91c7954860ff00681e6b6f1beb434d73fa28f0d99ac6b2060a35a062fed0344fcd3b236be591c1ac6825c4e81a14fe8337e5ed1d9617cf31a35a34dee77e5681bc92bcedb51b432db6774b21cbf2337319b80faa9db77b5afb7cd51510b09113391c8bddfb8d3a2cc84c40468884483194554094544004102e4ccf2d026454d3868a94db0d73764370faa8f1c4e2713867b813a274c64eae013071f3261d9ef4a100dee4a31b78a0886d025f644a181bb92082805b99456bb21252d901e1203e4aa55d6c5c18ad4c3b9a1ce3d0507c5057d3b07e2688de9cd54b934e57a62bafc579a0a928823434e3b2ea8ecdf34682ceb74a0961041250820820800168bd1eff00e4acbffca3e0504132af43c3fea3ba7c02cb7a56ff00c54dfdd17ff6310414c0e06100820a80d251a0919282341306ca896bd47884104e24b9147720820c4525041047a14fa082003d697d1fff00ad27f67ffa0890442cbd374521c820b46224104106ffd9, 100, '2025-01-08 09:45:18', '2025-01-08 09:45:18'),
(5, 0xffd8ffe000104a46494600010100000100010000ffdb00840009060712121215121212151615161613161615181516151518171718161719171517181d2820181a251d181522312225292b2e2e2e171f3338332d37282d2e2b010a0a0a0e0d0e1810101a2d251d252d2d2d2b2d2d2d2d2d2d2d2b2d2d2d2d2d2d2d2b2d2d2d2d2d2b2d2d2d2d2d2d2d2d2d2d2d2d2d2d2d2d2d2d372d2d2d2d2bffc0001108011b00b203012200021101031101ffc4001c0000010403010000000000000000000000000103060704050802ffc400461000020102030407030807080105000000010200031104122105063151071341617181912232a1162342547292b1c11433526293a2f008536382b2c2d1e14315243473f1ffc4001801010003010000000000000000000000000001020304ffc400221101010002020300020301000000000000000102110331122141225113617132ffda000c03010002110311003f00ba6108402108402108402108c63b194e8d36ab55c2228bb313600407e12a5dbdd34d352570940bfefd525078841afa9121d5ba57da85afd722826e14524b01cb504dbc4995f28b78d745c2507b2ba6ac621f9ea74ab8d0697a4de371717f2969ee7efee13680029b7575ad7341c80fa76af630ef126545894c2109281084201084201084201084202c2108090842010842010842061ed7da94b0b49ab566ca8bdc4924f0000e24ca077cb7a5f68552589eac7eae95fd94f1034673da7ca483a63dab55f1a986b914a9207cb7f79d837b44770d079990ed89b02a620da90b5c8f6b5d04cb3c9b71e1b6ad367b13ae84f669c3f13f098d8cc201f4afcf422deb2e2d93d1b61d406ad9aa3f324e9e133b17b898465b64b77dcdfd667e4d7c2282340723eb1ca155e990f4dcaba10cac0d88235041971d7e8e30b6e0deb219bc1b89d51bd26bf1d0f293338ade3fd2d8e8c37eff00f52a6eb542a57a760541d1c5bde517bf1e3caf27339030789af81c42d5a64a54a67420f3e20f7113abb77b6a2e2b0d4710bc2ad356b71b12351e46e26f2edcf669b184212502108402108402108405842101210840210840210840a7fa54d983f4e5a97fd6d25f552ca7e16f5920dcec02d2a2a02d891ac3a4fa23adc23b7baa6a6636be9749e68edfa47f520d4d340a0db4245cf2d411e4673e78ddbab8f29e2942b46ea13211577f6b235860cb0e1a30bf94d8d3e9030647cebf52d6f76aa3d3f1b16003795e4693d375882448ded871633176b7483447ea10d6ef5042fdeb5a46b15be155c12d83603bbdad3cb594b8d6933910fdeda7ed936e225ffd13d164d93840c6f742c3b9599881e8651bb4586253e6918b0fa394836d79f783e93a277430dd5607094ff670f401f1c8b79d1c7d397975bf4dbc2109a321084201084201084202c210809084201084201084204177d708f88a6c1ce895972806dec9214dfcaf23f8addb4a759968fb1d7521c3f6a931bdbbc8a83d0c9d6f1e12ead617362c3ed01ff5f1987b3d29e26929750c0d9acc2f63cc7233972def4ecc6cd4b10f3bae4e5b1a8d61aad8817d35b9361c2f61ce65d4ddea38aae12aa07a586a6d981d7357a80585c76a2826dcea0e52475f65d15d0df5d02e7737f2bda6560f0cb4d32a2855d74161c7b63eadf14eecad944b351249ea5d9081daa3dd3e963326bec0aaac0d36626e49b836209bdbbad370d86a7fa51eb342490aea486075241235b49062b64265d4b30b706a95181f105ac657c97f0d2b16c33a0351090f51efc4d802c6de56fc4cb9ba3ddb953134eaa542b7a46980146501594d80eef64da553bcb5c070a34b9ecec0bae9e92cee8ab0257086b30b3d6617f041947c734d38edb631e4c7198d4d61084e872084210084210084210161084048421008421008421019c450ce2d7b4886c76eab35127dca95145fb40636935904df76385aa2bd8e4aba13d8b50016bf881f0332e5c7d6e35e2cbde98b88db489598bba87b10a198280351dbda6c661626b543775aa2efef1152c14006da13603fe6180187c55562f4d58322f117d41bdc13c0f092335fab5ca1d7b2c194705b5bf29cd23b655535d1e854ced583aa92dabdec4f192fc16df1570ecc34b0f2f2330f6f6096b5406b15650d9c201a5f5d4d86a38e9343b676d5354ea9065018dffea3b33f5f591b0f623e3f176460b9119896bdb881a5bb75976ecac10a14529037c8a05f85cf69f5bc84743fb308a0f8b616358e54ff00eb4275f36cde825853ab8f1d4db87933b6e842109a331084201084201084202c21080908420108420108420135bbc3814ad41a9d450ca6d7fc2e391d66ca6bb6a63e9a864bdd8052472cc6ca4f2b907d0c8cbaab63dc53d80a553098a6a2c781050f35bc96e3e91aea0df2b6b1ede3d8ab5f2b7bacbc1c711235b431589a1a32670b6b11a5f9df4e538ec76e3746b6d3f51488362d6e37d6573450d6a84fd10753e7c04deedbc754c4b65cb61dbffec4c0ece7bad2a6b763a01f993d83be5b1f5fea32fcaff4bb3a3fda141b094a853a8a5e95319e983665b926f978dbbf8493ce73de6eb766e270b8aa0f67a40231ec7b9676561fb27da16ef12e3dcbdfbc2ed15b536c9580bb516f787328783af78f302754974e2cbb4a61084940842100842100842101610840484210084279770a09240035249b00399303d4257fbc7d2ae16812987538871f481cb4aff6b52de42ddf2b9db9d246d0c45c0abd4a1fa14bd9d3edfbc4f9cb4c2d46d706f8ef9d0c026a43d63ee51075f17b7babf8f64826ccda355f67be35ce67c46390bb0e015195401c94598012b0a799d801767760a3b4b331b0d7b4dccbfb0fbb228ecc5c20e2a97279d43ed337dfd647263f858bf15fce5acaa4732cd5ed8c3165ca071e27b6dca646ee57eb28a9edb0bcd80c3339b01e7d83c671f71d9ff350fc2eef666b05b9feb53243b1b6153a37206673ef37fb57bbf19b3eac0f9ba7dbef373f0ee8f620644217ccff005db37e3e3f1f77b73f272dcbd4e94874b1890d5d6929be4cceff00698d80f251fcd20db3f15529545a949d92a21baba9b303dc64bba490063190715550df68fb56f20c3ce43c59753c274c9e982d6dd4e992b21098ea62aaff007b4c65a83bd9383f95a5bfb1b6ce1f174c55c3d55a8a791d47732f153dc67265137d473d26c367ed1ad41c55a151e9b8ed462be46dc477191e3b46dd65094b6ed74c7552c98da5d62f0eb6980b53fcc9a2b795a591b1f7df67e2885a5894ce78235d18f700d6b9f094b2c592184456045c1b8e6351164021084058421012108408fef96f453d9f443b0ccee72d3a77b663c4927b140d49946ef5ef962b1cd6aaf6a60e9492e1077917f68f799bce98b69759b43ab074a34952dd999bdb63e8ca3ca402f36c71f4a5a22849ee989e88974265d126c7ebf1bd6b0f670eb9fb8bb5d53fdc7fca25c9b5ab10f4507024b3f2ca05883e37f8489f43bb34d2c135523daad51987d950147c431f3935a785bb677399ad6e1a01c809867eda63e91dd9d85142ab521a82ccca7b8dcdbca6dd73e53d80f6774c93414397205c5b2f7696263b97e937909963869a679f918c0e1c0178e56b0f69b45504fa6a499ed7c2c2c0f9f29a0dff00c7753b3f10f7b134cd31e353d8fce6919b9f36de34d7af56b1e2eecdea741e969af34c30d638d148b0bcd9478a67b39470691ac32e99b9ebe5d91fb441e192796169ec98dd53a40b23a0dde064c5360d9be6eaa332293a0aa9afb3caeb9aff00644bd6722ec7da0f87c452c421b3527571de01d4798b8f39d714dc300c381008f03accb25a3d4210954961084048422130399f7db101f6862581b8356a0bf81b7e534638c76bb9662c789b93e2678513a199c51060780e27878c5136dba783ebb1b86a7d86aa13e0bed1f808a98e81d83811430f4688fa14d17cc0d7e3799e2101305de42dcfa45a9a99ec0b08dc018cadfa6cc765c351a20eb52a163f6698ff009712c8b4a4fa69c6e7c62521c29521f79ce63f0cb2d8f6557604f18c3a05e66de5db1fa6230bed5427b1741e3db3450f5ad10c1a0248f150cf1562621b551dff00f70a92062b09d07d0bef71c6618e1eab5eb61c28b9e2f48e8ac79916b1f2e739faa0930e86712e9b5e8aaf0a895558735ca5b5f35066792d1d2f08425125842101210840e64decd9470b8bad448f758e5ef426ea47911350b26dd2ee2e954da2fd5b5ca53a74ea72ce0b12073b02a3c6f21493a274ce9c126bd10e133ed0cfd94e93b799b28fc4c851968f42186ffe555efa683cb331fc448cfa5a2d48ab3cc50662bbd3708dcf6f121049cddbed8debf1d88a9d86ab81f650e55f801eb3a1b6be2baaa156a9fa14ddbd1491398aa124dcf13f8997c11919acf9549e53c6152ca399d4f899e71dab2a799f2e11c3612ff5521310b09e4d41dd3c339ec818b89a9ed09955f881301fde5f199c4ddcf74ac4986e52cae80b65f598dab883ff00829051f6ab1201fba8feb2b5adc64bfa2ddf14d9b8a66aa09a5582d3a84714b1babdbb40b9bf748c931d3109e69540ca19482ac01046a083a820f29ea6692c21080930f6c63850a156b9ff00c74ddfee8266648874b18929b2ebd8eac69a7933adfe1267639f5aa3333b39bb312c4f324dc9f582f18cd2a9c63b4f8ce866f77973742f4ad8276fdaacdf0004a5d9a5efd14d1c9b3a97ef176f563299f4b629899e80d2788e2cc96234f24c1ccf20408d749389c9b3b107b58227de7507e179cfddf2eae98f119704a9fb7594792866fc409476d1ab9699e674f59a63ea22f6c4a0d9dd9fc878099014728c60d6ca23e24c45038c66b3718e29e3316ab40607bebddaccda7ce6bd5bda99d45330b9f2910af4d68d154e26f1eacaa82fe9305416314745741fb6ff0048c01a2c496c3b9417feedbdb4f21761fe59624a9bfb3f6ce29431358f07a8883bf22dc9fe703ca5b333bdac584212024d56f3ec65c6616a61d8db38f65bf65c6aade46d36b119ac093c0027d2072762b0af4aa54a75059d09561c8a9208889dbe13de26b9a951ea31d5d99cf8b1b9fc6794edf09d0a3cb1d27456e252cb80c38ff0d0fa8bfe739cd8dec04e9bd834b261e92f2441e804a66b46c6463a45da18aa586cb85a551dea5d73d304b53e06fa73d449388af799a54d6c5c0d66a6ef8da58ca9509ba9eb2a265d38001c5bd246f198ada77ead5312115894b2366eebb0b96f333a3089858b516e123639cf1b89c775613162b94ce0a1a97014d8dec1b53716e16e1231b56ae6755ec1acb3fa5bc481d52f7b9f4007e72a40f7624f699697d23eb634ccf778cd369eb34d10f45ec262bb4758e931eac8a180759b44aaaaa2f3504d8ccaa4336ada28e27f295c6a6b2572b92c413f87947d5001798b5b1648b2ae91acf50f012db1777f67bda199317409f75e9d51dd9d4a9ff4096f4e48ddcde6c6601ddf0cea8cea15eeaad700dc5c1edef9d19d196f057c7e012be215454cf5109516570a7de03b39788333a94b2108480923dbe9bcf470147355cccd5032a22dae4db53a9d00b8f5124329ce9e28d5eb30f532b75411973fd10ecd72a4f61200f496c66ea2aa9a4fed5bb8c7b9cc6c3df38d7b0e9e4664543c66ca970099eb5341dae8beac04ea2c32d940ee139a773297598ea0bfe2aff2ebf94e98a7c26792d0e08d6d2ae51091eb6bda3ab355b6f699a642036bf21726fca659dd46bc78f9651aaf9454c12a5d9db92866f82cd46d8dbf4eeb6ce96e2591d3fd426d4eda4ca7aba6edf65099aea5b55f50d87ada9feec9fc2f392bb71d77a6871fb370f8fb0719ed7b32b1b8bf1d479481ef36e33d0667a199d06b94fbf6fddb7bde1c65d58426d72b607b2d63e934bb5989a845b4ecfce4e39e58a32e3c73f8a1d0cf60cb1f6c6e9d0acc4a828c7e90e17ef5e07f19a26e8fb15f45a911cf330ff6ceac79b1ae4cb83288a1318a925b5370b1805fe68f2b54e3e1a4c4a3b938c76b32a53038b3b69e8818fc25bf930fda9fc79fe9175009d63e5efc068380961e13a18c63907f49c375645c3a9a8c4f765ca3bfb66af7aba39c46cf5eb6a32d5a5700ba5c6527419d4f0b9d2e2e24c56a2ca4fee0ef26e67a14aff4cf918a0af211b745e52ea8a94c2d8937f11f0369d25d126f20c6e0add553a4d41852294c5a9db282acabf46f73a6ba89cd4ed6d0ea3e32fcfecfd810981ab573026ad73a03aa8450a037226e4f8112b9262d1842128924a73a7ada1533d0c306f9bca6a95e6f72a09f017f532e39cf1d2d6d315f6854014af52051d5af72b73980fa3ef7c25b0ed1509c25221ef7ec31fc41b09e70ea2e4f74f38f6b29f03fd7c66bf156fba2da25f68513c8b31f2533a32970944f429481c539ed5a46de64097b5299d5ced3981b5f12eb6ca0f2f6412d7e5a0d26724718ca653716c72d5da294b195029028be9a1d02fe335831d8804db0efa9e624a71f83a8cd9919470f7aff0094d7e2f66577b7cea8d7b019cf78ebab1e4c7ed62e09ea1177428793117f819aadae467373ff00521b4ba4ea46a15a8aeb62466d197436b9b6bf09b6a78e5ae0d4475607b54dfd794a658d9db4c72c6f5590ae04d860cb32800739a6ca784d8e1310b4ed73de65749b4d33946c8c759e2bd4bdf5e3a4c3dad8a0f54b29e5319ab194b179532dcfc4302eb7bafb27c09247c40f84db6f6d21570788a6df4e8d41e06d6f81b1f291cdc6ad75aafc467083bcaadcff00ac4deed942f87c48e549fd4a8ff833b787d631c1cd779d7349d0f84f05fb3fab4f7605c026c091723be3c30697b759fb43c48e16d387f5a4d6e5a6526d86eda784bbff00b3a07eab197fd5f59472fdacad9be192530d85cd53aba40b9255540d4b31ec1cf59d4fb89bbc30182a387b00e14355235bd5600b9bf8e83b808b44861084a849cd9d265355da58ab1b8eb01f32aa48f59d27398b7e715d6e3f14f96df3ceb6e590e4f5f66fe72f822b4b87ed3e131f69b696f09934781f2981b45aed6eff00c349a5e959da7dd0b923187be937e2a65ef4e517d0e533fa516ec14dbe36979d3e132ab9d4e316a188915e406d8cc2da78814a93b9e21588f433359adacd16dda65e8d666e029552077e530395dcdcdf9ebeb3dd0a8c87323153cd4907e115d62aac9d072b63eb37bd56a1f176ff0098d53c55453995d81e798de2958d911a86dbcc06f4d75601d815b8b923503cb8c98e168d6ae51540399943106d64245db5eccbadc4ac6d1e5c5d50328a8e17f643b05f4bda6778a56939728e927c5d0a42d74445bded9540bf69b68278c5ed74af85c426112b57a8e8caa69d1a9d5962a4002ab2843de413694ff43f8bc9b5b0e1b55aa6a536075be6462090789cc04e9e02da0e12da66e63a3d19ed67397f436161c59e928d3b012f62626cfe8c76ad5a993f446a63b5ea322a01e20927c819d3d093b102e8f3a35a3b388ad55855c4d880d6b253bff760eb7b6998f95a4f61090161084049cb7bd154b62f10c789af58ff003b4ea41286d9bd1f6271ef5311d6d3a749ead621cddd988aaea7d8045b5078997c2e91503a5c3cff0029aaaad7692adecd8eb83af530cb57adeac0ccf9727b4ca188b5cdac08ed914a02ede7f9cbda88b5ba21a16677ee03f0970d26d2551d1e3a25c037bcb3b08f71335ab394f29e8dc0178d5169eab3481e2a91351bc57386ae3fc1abfe83368c6f35db747fedeb0ed34aa0fe532472d389ed566461b0e8c097ab90df45eacbdf41adc10072f29e544ba0d32cc6699ae263b0febc645218b42c63a625a468db67ba18cea31b86adfb15a913e05829f8133af0ce315246a388208f106e276460ea16a68c458b22920f104804832b527a108480421080b0842024c14a4b4d4845b28b90abe66c3c4fe31cdab52a2d1a8d485dc2b151cc81207bbbbd78cac58b8a4501b019195b4fdeb91f095cb398f6be385cba549bd780c5d2a8f571aa12ae24b57c97b95566ca15b91197872b48be085d84b17a69daa95abd3ca0865a415c1b1b1cccd6b8e3a112b1350adac6c6f7bcd77e94d6aaede8ff00647cd8720ebacb070aa56c253bb93d268a14baaad40bb2fbac842823f7afc0f85fca4db01d29606a8f9c5a948fd90e2fe2bafc224a8da754ceb3d620e83c647707be3817b118841f68e43fcd69938ede2c2aa17388a560458f58a6fdc2c753e12354db677e1dff009464610d556bf060c07982245715d236010d83b54b5f44463d9cc8026836bf4af5db4c3505a63b1aa1b9fba2df8cb4c69b8aa2aa65247236f4d2247714c59998f124936e1726fa466f2ca91a63be87b88992f187909326a08809e53d5a1212db6e7d7c98ec2b9e031147c2c5c0fce75c19c6b42ae421c71521878a9bcec6c356ce8aff00b4aadea0195c88721084aa4421080b0842024c1a7b1f0ea495a2809249b0b5c9ed99f09164a996ce91fc4ee56cea8c5aa60a8b312492c97249ef8cfc80d95f50c3fdc124d092846d770f658e180c3fdc1157713660e181a1f70491c24ee88f0dc9d9bf52a1f722fc8ad9d7bfe8542faeb939c90423751a683e45ecefa9d1fb93cfc88d9bf52a1f7248611e54d4471f71366137381a04fd813cfc81d97f50c3ff000c492c237528d7c81d97f50c3ff0c43e40ecbfa861ff008624961236235f207657d430ff00c310f903b2bea187fb8249610235f207657d430ffc312434690450aa2caa000070000b00239080908b080908b080421081ffd9, 1000, '2025-01-08 09:45:18', '2025-01-08 09:45:18'),
(6, 0xffd8ffe000104a46494600010100000100010000ffdb00840009060710101015121012151515151516171715151015151615171515161715151515181d2820181a251b151521312125292b2e2e2e171f3338352d37282d2e2b010a0a0a0e0d0e1a1010182b201f1f2d2d2d2b2b2d2d2b2b2d2d2d2b2d2d2d2d2b2d2d2d2d2d2d2d2d2d2d2d2d2d2b2d2b2d2d2d2b2d2d2b2d2d2d2d2d2d2d2d2dffc000110800e100e103012200021101031101ffc4001c0000010403010000000000000000000000020001040503060708ffc4003f1000010302030505050604050500000000010002030411122131050641517122618191a1071332b1c12342526272d13392e1f0141524a2b2537382c2f1ffc400190100030101010000000000000000000000000102030405ffc400221101010002030002030101010000000000000102110321311241223251136104ffda000c03010002110311003f00eae13a49c2493249d240314c8ac959066493a4820a493881aad137b77d9d1bbdd5259cefbcfd437a5b8a9cb298faac66db56d3db74f4dfc690332cae09bf4b0cd6b557ed22918720e7373ccb1cd27bc0705cfabebc971754cae323af6045dc01fc2dbf63aad7ea1cd7176025da59c41bf42dcecb2ff4b7c6bfe727aecd4bed0e8a417c587b38ac41f2c86aacb676f751cc07da35a4f071b2f3dba691cf6b4dc6b617e3af0d14ea68dce00bad7bdb0e323cefa2af952f84af48472b5e2ed208e60dd195c3365ef4d45039a039d8091763b3b6b902464335d87606d98eb2112c675d45c5c1ef0ab1cf68cb0d2c5229d32b40084c5114c800b26211942800284a3284a031109acb2140504021010b2142426036491592405ba249248c924e12403249d320124928fb42a44513e43a31a5da721746f46d1fda7ef149135b4d4ef0d7bf3908172d65b86595f25c88cae69ec923317cf4ee5b1ed29649df24efb974b9ff00e3a65e0d0b5fa9a5209275d7e6b97e72dedd78f1d98b3cbb481206100db32462bf3b939dfa226ba260716e2cc644682d6f10abbdce9967c7559d94ef7dc35a7bb2fefbd574356b3cec7583b08e1dacad7f0d162925b82e205f983639f03cd5843b2273958f6b222daf22aca87751eecde2ca6e78c54e2cab5896476b6363af256db8bbc32d2d630331398f706b980025c0e43c465e4b6b8375a300dc6a168db4b66182525bc0dc14b1ce5197174f488496b5ecef6a3aa68585f72e65d849e36d0dd6cabab1bb8e2b35741213224c55104a128d094001084a32848400142519424208042128ca12801493a480b74e904f648cd6493a48064ac9d24032a3df404d1bc0bf68b465c6e730af556ef0418e0239169f22a73fd6ab1f634dddcd882791ed7b6cd6003bce800eee255c54ee4d396d80b77d95d6ef538631d6e255abd72e384d3b2f25df4d0c6e353b4e4cbf54f1eecb2377c23c96e72150a63745c645639d507f973470f444da4b2b278589eb2f8c6bf2a82e85699bd1b3c3ae6cb7a942a8da54b8b3e097d8577b1f98b1d51038fe07817fd40e5e4ba595c8f72247376bd999b6ce63c8d330481fed5d7485dfc5e3cee59f904a64e532d198531088a6400142519425000509465094100a121190848400a49d2405b04e92748cc9274900c9249201209e3c4d2de608f346920d5fb19f911c8907a82ac5cb5da1ad78da33c662c31d9b85f8af89f818e7766dd9f8873bdaeb609266345dce00779b2e6f3a74cbb9b6290288f4351b56006c65603cb1b7f758a4981d085395698c33daa3ca40172557edbdbd153b492e05c726b01bb9cee0001c5737db3b4eb2a1c44d3189bc638c1240fcd6b5b25331daedd3a349b461370246923bd546d6dacd11388371a6599249b068e6495a7d16c08de006cf2b5eef871b6c0dbb8db167c94ddcdd9734b397cee71653bdcd2d7104194345b081c0075efc6e34cd1f09eefc2f9ff2326eb6cd2caa06f85cc04bb3b59d21cf3eb9782e9fb02b1f235ed93e28dd849e608b82b4bda513a19df2c66d89988e40df01b91e375b76ebcc2461907df0d27a8163f255c596f33e5c27f8ed74531448485d8f38c5094499000509465094009425114250414242342500292249016a9241384a1924524900c9593a6403249d240697bebbc0cd9d2365730bb1e10007017780eb66721d90e07a055713aaeba8d9592c8191c80bdb1b73c2ce05ced711d6dc16f5b5e944913816b5d9661cd04100dec4155fb1a9d948cff0a728c1269c9d0c6eed7babfe261b8b1d5b84e79db1ca7bfd74e3e4b3c724da7b1da1cc262b87d9c1ce9a5c4413990d6bf2e9c13c9b3aa89a70d9a664534ed848f78e716970710e61767621a75e4bab57514588970038a8b4b47fe22a222d1f65038c97e0640d735ad1cfe324f2b77a897bf1a7d7ad1b6beebb366d5c1334bdf19c6c7b9c7116c8e043093de2e3adb9a9506c2be27b5fd992c720083c4381d78ae83b6e9daf05af68735c330743d56ae365184110cd85b7f8648cbf0dff00090e69b75b95192f19d79b958e868db1902c5c4642e6fa9b9f5cd4ad914d6123c692cae9077821ad07c4341f14f4db1c3f3965327e500359e2dd4f424ab57b401928be2e4d7d29368c38e78d84d839afbf4cb25b56c3a66c7190d166df203bbfa9546d843eb22b826cd7686c7866b6f6b4016192db831fb61ffa393f1f806c99114c57538c25314e9900242128ca1280021094684a080509465320192493a02d0274ac92464993a480649394c806493a480140f898f058f6870fc2e68239e60ac965865385d7e62dfb28ce75b69c77bd29abf6752c7daf72c36d05bb3e0dd3d165d89290d73de2c0fc200c801c001a0e296d88c917e0b14358c2cc21cd04656c42fe4b97e57e4ed93f1e992bab5bd42a092b5ae7613602fe6b3d4437712311078069b67deabaa04719b1b075c59a5d779bded90bd865a94acb5ae3244a354c63c0c56ba9a66b820ea3d6fc55053d0cb2bdaf95a18dcc860249005802e3ccf72b7aa0d00126c064b3fb3cfa66d93daa96f1ecb8f4b596d8b49dd7ad63aa9c4b801611b4920627b8dc305f8d82dd8aede0fd5e773fec64c5394c56cc42531088a6280042423425000531445314100a128c8425002927b27405a249274946493a48064c8ac99044993a480658e5662042cab055d4b2261924366b45c93e83aa35be86f4af0fc576f11966a3ff009253bedef236bac6e0902e08cc10750555ec1925ad6d45534969f7d8236f00c60d0f79bfa2b6a4adb9c2fc9c350b97930f865dbb38b3f94dc41afd874e31760f6b5fb43637bdee3a93e6a1d1d144cc98c6b472016c354c61d4aa97b991936536edbe39dd689c6c56b3b5b69191d823cc9c836da9fef359f6eedac2d21bae96bf3faa2ddfd96e65a494dde74047c00df20b3f4f5fd63a9dd513513a9af691f77878d44a3b4c3d2f6096e17b400e0293689c133098c4a747906d85e783b2b5f4365b451371498b832fe24fedf55c076c4c24a99dc3474d211de3195e8f061f83cee6cb7c9a7a79315c3f737da34d46045501d3c3c3b5f691f20d27e26f71395ce7c1749d8bbfdb36a886b6711bce41937d99279027227a14ecd336ca914e0df31983cb34c5201280a3425061284a229884100a128ca140249249016812493a4a24c9c248064ac86495adf89c075207cd52ed2deba38067287bbf0b3b47cc643cd392df13b8bb4ce3617390efd1733db1ed2a53953c6d67e67f69de00580f55a46d5dbb53527eda57bff2decdf068c96b3872bea6e7fc769afdeda186e1d3b491f759db3e8b44de1de97d61ec82c89ba349cdc7f13adf25a306dac389feecad4fc38780d7bd6f8714c6ed9e59dae8bec8a612514cce2da871fe60083f357bb4295b21cfb323788f9f785a0fb21da5eeab6781c72998d7347e68cb81b783fd1757ada56c833c8f02350b979f8be55bf0f27c5a6564754d16c05d6e208b154d236ade482d0de589d9f76416e15533a13690647470d0f71e45429e40e370bcecb0d74f430cf6a2a0d84d6bb1ca71bf5b7dd69e639ab3c64b846ccdc7fda38b8ac73cce2e11c4313cf0e03bcf72b7d99b3c4233389c73738f13fb2db8786e57fe33e6e6f8cffaa7df4da228767485a7b6e69634f12e78b5fd6eb82b0e4b7df6bbb5fdeccc81a7b2cb93d568002f475ae9c18f7d89cb04c38f9acc503dc06be49552db626f4d7525bdc543da07dd367b7a6178202dfb637b5b905855c01df9e2363fc8e36f50b95441676a5f081df68fda0ecc9403eff07748d2d23a9cc2baa2dab4f3ff000668e4fd2f04f96abcd7729ac97f996dea021095e76d9bbc35901062a891a070c64b7c41b8b2eb3ecf37b5f5ec7b27c3efa3b1bb4583d8ebd8db9822c7a85396161edb71425114c54032492480b54e98274a28972bde1dfda833ba184b5919be1701dbecfe6e175d236bd47ba8247f269b75390f9af3fed9386a23f11e60adf87197bacb3bf491595b23dc4c8f73cf373cbbe6a2c952782539b9519e6cbaf52338691f742d716e6003d7e8846654c6c401b0cce59a3d3b59a8db8ace208b5f5e6a6b963360004814d151286b1d4f5b14cd39b1e09fd37188792f4551d409181c388baf3839979c0ee2bb9eedd6363a36c923835ad65dce71b000712561c9172e9773c2d7b4b5c01046608c8f82e79b7ea194f2fba82a627927384cedf791f5b9f87adb4e2b5adf8f68b3d5b84144e7434e490e7816964eebfdc69eecfa68b45a88c3321e27893c493c4ac32e3994edb619dc7c7a037645318f1433c53bcfc6f8e46bedf97226c07aacdb6eac430b9dc82f3e6c3a47be5f7ad7bd81bf798e735ee3c816e76e7e0ba3c3b66a6581c27edb07de360fb65adb223d56bc786a32e4cb77b738dbd2ba49dee76a495030a9350ec4e279927ccac45aaac54bd315907b91adb35203527642e97c4f6c01b9d965013c6ce3cd640d4e41b0590bf20b21081fc07784ece8b64058596c3b83b53fc36d085c4d9af7089d9f0908683e06cb5f2526b88208d41b83c88cc29ca7423d3450950377b69b6ae9629d9a3db9f739bd9783d1c0ab02b9561493a480b54920939c0024e805cf44a29a86ff006d001ac841cc9c4ee807641ea4dfc1722de4ca461fcc3d56ddb636819aa1ef39e2765fa40b37d16abbcccf84fe61f30bbb0c7e38b9addddb0bb451e56a76cb9acf8415b120595942e005f524287232cb2c2eecf440a980e4b2445628ca51bf342518b7fd4c62f6bb80bf5c96f469a4ab8db062fb368c9b7c891c4f32b42da0ec2e63ff000b9a6fd083f45d3376c5ac782cf2bd9eba6b9bc1ba1ee6174a0fc2d06fde08fdecb9fed17b8e66d626d95f41c575ef6995e1b44231acb2347834e33ff10b93d432e3358e7db4c1b76ec6c72f6b5a326345c9e64ad977a6214f4125b57863478917ff006dd54fb35da4268c34fc4cb83df6c81f116533daa55811c310399bbc8e9d96fae2f25ae3de99ebbedcc5dadd35964c29c351a68c61a81edb903c4f868b391658e33a9e7f2e083d8b4424a67390828212077c43c4aca02c0f399e96f3cd2a7089482109d49e9d23d8fed82249291c72703233f536c1cdf106fe0ba9af3ceeb579a7ad825bd83646839fdd7765de857a1dc173f24d554326492506b70a937c2bfdcd2bb9c9d81e20dcf95d5e05a27b43adc4f6d38c8b5bef2fcc9c87a03e6ab8e6f2d0ceea346aa75c6205556d9903e13cc107c964a8ac2d243db63ddfb2af967041b660eabd07344495d62a5d2caa1c9da8dae1c0613d5b97cacb1d3c99a52f6ab16ef00ac2c16b8f109e192e8a51c5524ed938a78ce6b06244d72446af6e26d9741dd3a8c74d13bbbfa7d173e71b85b76e14d7a72dfc0f3ea6ff005519aa21fb4aaabcb032fa31eeb7521a3e4569ef39156bbeb3e2adfd31307abcfd553dee1616f6d719d2dfd99ce595247070faff004563ed22b3de5696f08d8c6795dc7d5c553ee10ff52c1cedff0032a3ed5a8324cf7937c4e71bf527e965af1fea8ca7e4c084b9092853d99a67e56e7fd9f442e72c6e776ba6480b94daad0f12cd13562858a534278c2a179b050d9dab9eff00e88eae5c8a8f1bcd83429b7b39121c4245306dbbca564022bd19bbd5e6a692198eb246d27adb3f55e707c8064333ddf55db7d9454ccfd9c04a32648e64679c61ac3e8e2e1e0b1e4546e4993a659e8d70b98fb4c7b4d4b5cc38648d80389f85c1d9807a73ef5d39730dfaad7cf29616359eecbdb7bdcb85f2245b90f55a707ec9e4f1a554bc4a34b387aaa29d833e6acaa21734ddb97e93ff00a955950f703da1f4f45db58c06ce7f69d1bbef0b83c310bfcefe8b1ccdc2e512aa5b10e6ead208f0ee5675967b5b23747007f7f559cefa5e9929a4538e6153d33d59c4fc9693b88ac6ef920c4b2ca38a8fdc8a34c80ad877126b4d3477d5a1e074363f36ad69ae53f77ab3dcd6c6e3f0b8e03d1f90f5b29cbc115fbc92deb65ee21be43faa8edd136db75eb67ffb87e413b1727db6fa8b2dc676196493fe940f7f95c0f52155bf559f60d460867e6f6323f02f2f77fc3d54676ab7c7f545f4e1348eb0ba70a2d6171b35a09273f0ef4ef50e4db16359226dd1434445b11f01fba94d601a2998ff004ed332c354134bc93bca8f3bc00ab2bd1488b56f3700715269da1a157c671befc158b41e02dde567877daf2138ff006561748389bfa2274638927d13b59c85955262693cac3a5879af446e5ba43414fef5818e1181840b643e136e17163e2bcfcd0bd03b952b9fb3e99ceccfba6fa5c0f92c793c52e9249250172172ddf2a912544840f87b1d70e44f9dd74daa97ddc6e79fbad27c82e3d3cd8c92752493e3995a704ef68e5ad57689bf6870d5577beb8b1575b569f0f69ba1d550cb939765acb146ac85b6d11ec696ec745f84dc743afaa792da2af81feea60781cbc0ff00616395d652b59dcd2c182c54e8546999da52600b5c59d6551e4c96691c825b109d2606141559844531cd4fd295935417cef7bb573ae7a953e3392aeab6d9e0f353627e4b93cb636fa81a016613cedf5fdd1a54d944defbfcca7685d13c8ce9dc72434e38f3cfc3820a939586ae36fdfd166633827f65f42295919160b1b8e4aa8629880a9eb66b9b0536ae6b2a96dcbbaae7e4cbe9ae3165411003bd4f2160a66610a40bad719a88b77400212564902c052a212ef9b83262d9b4fdccb7f2b88fa2e081770f663262d9b1fe57483c9e4fd563c9e2a36a4924966691bc5260a5949fc36fe6207d5725abd091aae97bf1361a5c3f8de07f2f6be81732a83aae8e09d32e4f5aed44ae2487155b571f256156ccc9505ef5d151109f9850ab5b89bde14e9458a85502cb0cfc6b8ac6965f791b5dc6d9f51aa9b164a8b63cb62e6f7dc78e5f456c245af1e5b9b4653559657216661622fc92f7b655b2d02519f4420a091f9dd2054291ebd976f4414cfb85264cc28545f161e45619cfc972f4b270b003b9268488b94d39b0cb5d075d16e8478c63909e0dcbc7ef2b00d01628630c6d87ff007bd0c8f44e87b4f23d4795e85ee51a47a8cb254885572dcd92d9ecbb90e0c4f0de655a526ce7309248b2c71c6e596d76ea24318b296d9012071bac4f9095d3b8890a479409ee5328aa25d7fd8fcd7a395bf86736e8e8e33f42b90aea5ec6e5fb3a86fe68dde608fa2cf3f0474749327586cd5ded03f851fea3f25ce2a78a492eae1fd58f27eca2aae2aa9fa94925b54c479143abd1249639b5c583667f10f4faab96a4927c5fa967e98ac4e4925a5481dc53f249252647450e93f8c7fbe0924b3cfd8ac7c59b354127c6dea7e452496d7c4b2bb451a44924a888f228af49258e4d223d2ff142d925d1249570f94b3f515c84a492a10ced1027492a64ba4fb1bf8ea3f4c7f372492cf3f0474f49249739bfffd9, 10000, '2025-01-08 09:45:18', '2025-01-08 09:45:18');

-- --------------------------------------------------------

--
-- Table structure for table `avatar_transactions`
--

CREATE TABLE `avatar_transactions` (
  `id` bigint(20) UNSIGNED NOT NULL,
  `user_id` bigint(20) UNSIGNED NOT NULL,
  `avatar_id` bigint(20) UNSIGNED NOT NULL,
  `price` int(11) NOT NULL DEFAULT 0,
  `created_at` timestamp NULL DEFAULT NULL,
  `updated_at` timestamp NULL DEFAULT NULL
) ENGINE=InnoDB DEFAULT CHARSET=utf8mb4 COLLATE=utf8mb4_unicode_ci;

-- --------------------------------------------------------

--
-- Table structure for table `cache`
--

CREATE TABLE `cache` (
  `key` varchar(255) NOT NULL,
  `value` mediumtext NOT NULL,
  `expiration` int(11) NOT NULL
) ENGINE=InnoDB DEFAULT CHARSET=utf8mb4 COLLATE=utf8mb4_unicode_ci;

-- --------------------------------------------------------

--
-- Table structure for table `cache_locks`
--

CREATE TABLE `cache_locks` (
  `key` varchar(255) NOT NULL,
  `owner` varchar(255) NOT NULL,
  `expiration` int(11) NOT NULL
) ENGINE=InnoDB DEFAULT CHARSET=utf8mb4 COLLATE=utf8mb4_unicode_ci;

-- --------------------------------------------------------

--
-- Table structure for table `failed_jobs`
--

CREATE TABLE `failed_jobs` (
  `id` bigint(20) UNSIGNED NOT NULL,
  `uuid` varchar(255) NOT NULL,
  `connection` text NOT NULL,
  `queue` text NOT NULL,
  `payload` longtext NOT NULL,
  `exception` longtext NOT NULL,
  `failed_at` timestamp NOT NULL DEFAULT current_timestamp()
) ENGINE=InnoDB DEFAULT CHARSET=utf8mb4 COLLATE=utf8mb4_unicode_ci;

-- --------------------------------------------------------

--
-- Table structure for table `field_of_works`
--

CREATE TABLE `field_of_works` (
  `id` bigint(20) UNSIGNED NOT NULL,
  `name` varchar(255) NOT NULL,
  `created_at` timestamp NULL DEFAULT NULL,
  `updated_at` timestamp NULL DEFAULT NULL
) ENGINE=InnoDB DEFAULT CHARSET=utf8mb4 COLLATE=utf8mb4_unicode_ci;

--
-- Dumping data for table `field_of_works`
--

INSERT INTO `field_of_works` (`id`, `name`, `created_at`, `updated_at`) VALUES
(1, 'Accountant', '2025-01-08 09:45:19', '2025-01-08 09:45:19'),
(2, 'Architect', '2025-01-08 09:45:19', '2025-01-08 09:45:19'),
(3, 'Artist', '2025-01-08 09:45:19', '2025-01-08 09:45:19'),
(4, 'Business Analyst', '2025-01-08 09:45:19', '2025-01-08 09:45:19'),
(5, 'Computer Programmer', '2025-01-08 09:45:19', '2025-01-08 09:45:19'),
(6, 'Consultant', '2025-01-08 09:45:19', '2025-01-08 09:45:19'),
(7, 'Data Scientist', '2025-01-08 09:45:19', '2025-01-08 09:45:19'),
(8, 'Dentist', '2025-01-08 09:45:19', '2025-01-08 09:45:19'),
(9, 'Designer', '2025-01-08 09:45:19', '2025-01-08 09:45:19'),
(10, 'Electrician', '2025-01-08 09:45:19', '2025-01-08 09:45:19');

-- --------------------------------------------------------

--
-- Table structure for table `friends`
--

CREATE TABLE `friends` (
  `id` bigint(20) UNSIGNED NOT NULL,
  `user_id` bigint(20) UNSIGNED NOT NULL,
  `friend_id` bigint(20) UNSIGNED NOT NULL,
  `status` varchar(255) NOT NULL DEFAULT 'pending',
  `sender_id` bigint(20) UNSIGNED NOT NULL,
  `created_at` timestamp NULL DEFAULT NULL,
  `updated_at` timestamp NULL DEFAULT NULL
) ENGINE=InnoDB DEFAULT CHARSET=utf8mb4 COLLATE=utf8mb4_unicode_ci;

-- --------------------------------------------------------

--
-- Table structure for table `jobs`
--

CREATE TABLE `jobs` (
  `id` bigint(20) UNSIGNED NOT NULL,
  `queue` varchar(255) NOT NULL,
  `payload` longtext NOT NULL,
  `attempts` tinyint(3) UNSIGNED NOT NULL,
  `reserved_at` int(10) UNSIGNED DEFAULT NULL,
  `available_at` int(10) UNSIGNED NOT NULL,
  `created_at` int(10) UNSIGNED NOT NULL
) ENGINE=InnoDB DEFAULT CHARSET=utf8mb4 COLLATE=utf8mb4_unicode_ci;

-- --------------------------------------------------------

--
-- Table structure for table `job_batches`
--

CREATE TABLE `job_batches` (
  `id` varchar(255) NOT NULL,
  `name` varchar(255) NOT NULL,
  `total_jobs` int(11) NOT NULL,
  `pending_jobs` int(11) NOT NULL,
  `failed_jobs` int(11) NOT NULL,
  `failed_job_ids` longtext NOT NULL,
  `options` mediumtext DEFAULT NULL,
  `cancelled_at` int(11) DEFAULT NULL,
  `created_at` int(11) NOT NULL,
  `finished_at` int(11) DEFAULT NULL
) ENGINE=InnoDB DEFAULT CHARSET=utf8mb4 COLLATE=utf8mb4_unicode_ci;

-- --------------------------------------------------------

--
-- Table structure for table `messages`
--

CREATE TABLE `messages` (
  `id` bigint(20) UNSIGNED NOT NULL,
  `sender_id` bigint(20) UNSIGNED NOT NULL,
  `receiver_id` bigint(20) UNSIGNED NOT NULL,
  `content` text NOT NULL,
  `created_at` timestamp NULL DEFAULT NULL,
  `updated_at` timestamp NULL DEFAULT NULL
) ENGINE=InnoDB DEFAULT CHARSET=utf8mb4 COLLATE=utf8mb4_unicode_ci;

-- --------------------------------------------------------

--
-- Table structure for table `migrations`
--

CREATE TABLE `migrations` (
  `id` int(10) UNSIGNED NOT NULL,
  `migration` varchar(255) NOT NULL,
  `batch` int(11) NOT NULL
) ENGINE=InnoDB DEFAULT CHARSET=utf8mb4 COLLATE=utf8mb4_unicode_ci;

--
-- Dumping data for table `migrations`
--

INSERT INTO `migrations` (`id`, `migration`, `batch`) VALUES
(1, '0001_01_01_000001_create_cache_table', 1),
(2, '0001_01_01_000002_create_jobs_table', 1),
(3, '2014_10_12_100000_create_password_resets_table', 1),
(4, '2025_01_02_061800_create_avatars_table', 1),
(5, '2025_01_02_061839_create_occupations_table', 1),
(6, '2025_01_02_061939_create_users_table', 1),
(7, '2025_01_02_063657_create_field_of_works_table', 1),
(8, '2025_01_02_063908_create_friends_table', 1),
(9, '2025_01_02_064355_create_messages_table', 1),
(10, '2025_01_02_064540_create_notifications_table', 1),
(11, '2025_01_02_065740_create_user_f_o_w_s_table', 1),
(12, '2025_01_05_173927_create_avatar_transactions_table', 1);

-- --------------------------------------------------------

--
-- Table structure for table `notifications`
--

CREATE TABLE `notifications` (
  `id` bigint(20) UNSIGNED NOT NULL,
  `user_id` bigint(20) UNSIGNED NOT NULL,
  `sender_id` bigint(20) UNSIGNED NOT NULL,
  `content` text NOT NULL,
  `type` enum('request','message') NOT NULL,
  `created_at` timestamp NULL DEFAULT NULL,
  `updated_at` timestamp NULL DEFAULT NULL
) ENGINE=InnoDB DEFAULT CHARSET=utf8mb4 COLLATE=utf8mb4_unicode_ci;

-- --------------------------------------------------------

--
-- Table structure for table `occupations`
--

CREATE TABLE `occupations` (
  `id` bigint(20) UNSIGNED NOT NULL,
  `name` varchar(255) NOT NULL,
  `created_at` timestamp NULL DEFAULT NULL,
  `updated_at` timestamp NULL DEFAULT NULL
) ENGINE=InnoDB DEFAULT CHARSET=utf8mb4 COLLATE=utf8mb4_unicode_ci;

--
-- Dumping data for table `occupations`
--

INSERT INTO `occupations` (`id`, `name`, `created_at`, `updated_at`) VALUES
(1, 'Accountant', '2025-01-08 09:45:18', '2025-01-08 09:45:18'),
(2, 'Architect', '2025-01-08 09:45:18', '2025-01-08 09:45:18'),
(3, 'Artist', '2025-01-08 09:45:18', '2025-01-08 09:45:18'),
(4, 'Computer Programmer', '2025-01-08 09:45:18', '2025-01-08 09:45:18'),
(5, 'Data Scientist', '2025-01-08 09:45:18', '2025-01-08 09:45:18');

-- --------------------------------------------------------

--
-- Table structure for table `password_resets`
--

CREATE TABLE `password_resets` (
  `email` varchar(255) NOT NULL,
  `token` varchar(255) NOT NULL,
  `created_at` timestamp NULL DEFAULT NULL
) ENGINE=InnoDB DEFAULT CHARSET=utf8mb4 COLLATE=utf8mb4_unicode_ci;

-- --------------------------------------------------------

--
-- Table structure for table `password_reset_tokens`
--

CREATE TABLE `password_reset_tokens` (
  `email` varchar(255) NOT NULL,
  `token` varchar(255) NOT NULL,
  `created_at` timestamp NULL DEFAULT NULL
) ENGINE=InnoDB DEFAULT CHARSET=utf8mb4 COLLATE=utf8mb4_unicode_ci;

-- --------------------------------------------------------

--
-- Table structure for table `sessions`
--

CREATE TABLE `sessions` (
  `id` varchar(255) NOT NULL,
  `user_id` bigint(20) UNSIGNED DEFAULT NULL,
  `ip_address` varchar(45) DEFAULT NULL,
  `user_agent` text DEFAULT NULL,
  `payload` longtext NOT NULL,
  `last_activity` int(11) NOT NULL
) ENGINE=InnoDB DEFAULT CHARSET=utf8mb4 COLLATE=utf8mb4_unicode_ci;

-- --------------------------------------------------------

--
-- Table structure for table `users`
--

CREATE TABLE `users` (
  `id` bigint(20) UNSIGNED NOT NULL,
  `name` varchar(255) NOT NULL,
  `email` varchar(255) NOT NULL,
  `password` varchar(255) NOT NULL,
  `occupation_id` bigint(20) UNSIGNED NOT NULL,
  `gender` enum('male','female') NOT NULL,
  `linkedin_username` varchar(255) NOT NULL,
  `phone_number` varchar(255) NOT NULL,
  `experience_years` int(11) NOT NULL,
  `coins` int(11) NOT NULL DEFAULT 100,
  `avatar_id` bigint(20) UNSIGNED DEFAULT NULL,
  `email_verified_at` timestamp NULL DEFAULT NULL,
  `remember_token` varchar(100) DEFAULT NULL,
  `created_at` timestamp NULL DEFAULT NULL,
  `updated_at` timestamp NULL DEFAULT NULL
) ENGINE=InnoDB DEFAULT CHARSET=utf8mb4 COLLATE=utf8mb4_unicode_ci;

--
-- Dumping data for table `users`
--

INSERT INTO `users` (`id`, `name`, `email`, `password`, `occupation_id`, `gender`, `linkedin_username`, `phone_number`, `experience_years`, `coins`, `avatar_id`, `email_verified_at`, `remember_token`, `created_at`, `updated_at`) VALUES
(1, 'John Doe', 'john.doe@gmail.com', '$2y$12$d63ElboWAl8rN3RJNr9hwuyoYIzLwQtipm4hphfBkccMX69xwnwRK', 1, 'male', 'https://www.linkedin.com/in/john-doe', '081112223344', 7, 100, 2, NULL, NULL, '2025-01-08 09:45:18', '2025-01-08 09:45:18'),
(2, 'Jane Smith', 'jane.smith@gmail.com', '$2y$12$nQg39UctL/J/4BKisHZCNeSIG.pO9kvdbJi4r9RXYE9cOK4OHIwce', 2, 'female', 'https://www.linkedin.com/in/jane-smith', '081223344556', 5, 100, 1, NULL, NULL, '2025-01-08 09:45:18', '2025-01-08 09:45:18'),
(3, 'Alice Brown', 'alice.brown@gmail.com', '$2y$12$o/UGtMsF9zf42ESVWCDlcetEbFB5qwHv0cHnjUrWNLI5AK7YodJNa', 3, 'female', 'https://www.linkedin.com/in/alice-brown', '081334455667', 3, 100, 1, NULL, NULL, '2025-01-08 09:45:19', '2025-01-08 09:45:19'),
(4, 'Bob Williams', 'bob.williams@gmail.com', '$2y$12$fFc0vlr3x.Jqa4sB4Wa2GOmHKyMkzgzgAxwHOP/KxbxIKut1THoUi', 4, 'male', 'https://www.linkedin.com/in/bob-williams', '081445566778', 10, 100, 2, NULL, NULL, '2025-01-08 09:45:19', '2025-01-08 09:45:19'),
(5, 'Charlie Johnson', 'charlie.johnson@gmail.com', '$2y$12$mJXVp9POKTEHbVz1bUti7Oqod9Gy/4J78b5Ov6EFuQCG/VWv11EnC', 5, 'male', 'https://www.linkedin.com/in/charlie-johnson', '081556677889', 8, 100, 2, NULL, NULL, '2025-01-08 09:45:19', '2025-01-08 09:45:19'),
(6, 'Diana Rose', 'diana.rose@gmail.com', '$2y$12$0cgVyVzBf8KRrfDGAJap6Ol5fp31ZddA81ySI.Nil7bGBkfjaGGVG', 1, 'female', 'https://www.linkedin.com/in/diana-rose', '081667788990', 6, 100, 2, NULL, NULL, '2025-01-08 09:45:19', '2025-01-08 09:45:19'),
(7, 'Eve Green', 'eve.green@gmail.com', '$2y$12$h3PQQElh/lH/QPphej.H5OMjpXKhBvJwuKrgecBGyiHMkv3T5WAh2', 2, 'female', 'https://www.linkedin.com/in/eve-green', '081778899001', 4, 100, 3, NULL, NULL, '2025-01-08 09:45:19', '2025-01-08 09:45:19');

-- --------------------------------------------------------

--
-- Table structure for table `user_f_o_w_s`
--

CREATE TABLE `user_f_o_w_s` (
  `id` bigint(20) UNSIGNED NOT NULL,
  `user_id` bigint(20) UNSIGNED NOT NULL,
  `field_of_work_id` bigint(20) UNSIGNED NOT NULL,
  `created_at` timestamp NULL DEFAULT NULL,
  `updated_at` timestamp NULL DEFAULT NULL
) ENGINE=InnoDB DEFAULT CHARSET=utf8mb4 COLLATE=utf8mb4_unicode_ci;

--
-- Dumping data for table `user_f_o_w_s`
--

INSERT INTO `user_f_o_w_s` (`id`, `user_id`, `field_of_work_id`, `created_at`, `updated_at`) VALUES
(1, 1, 1, '2025-01-08 09:45:20', '2025-01-08 09:45:20'),
(2, 1, 2, '2025-01-08 09:45:20', '2025-01-08 09:45:20'),
(3, 1, 3, '2025-01-08 09:45:20', '2025-01-08 09:45:20'),
(4, 2, 2, '2025-01-08 09:45:20', '2025-01-08 09:45:20'),
(5, 2, 3, '2025-01-08 09:45:20', '2025-01-08 09:45:20'),
(6, 2, 4, '2025-01-08 09:45:20', '2025-01-08 09:45:20'),
(7, 3, 3, '2025-01-08 09:45:20', '2025-01-08 09:45:20'),
(8, 3, 4, '2025-01-08 09:45:20', '2025-01-08 09:45:20'),
(9, 3, 5, '2025-01-08 09:45:20', '2025-01-08 09:45:20'),
(10, 4, 4, '2025-01-08 09:45:20', '2025-01-08 09:45:20'),
(11, 4, 5, '2025-01-08 09:45:20', '2025-01-08 09:45:20'),
(12, 4, 6, '2025-01-08 09:45:20', '2025-01-08 09:45:20'),
(13, 5, 5, '2025-01-08 09:45:20', '2025-01-08 09:45:20'),
(14, 5, 6, '2025-01-08 09:45:20', '2025-01-08 09:45:20'),
(15, 5, 7, '2025-01-08 09:45:20', '2025-01-08 09:45:20'),
(16, 6, 6, '2025-01-08 09:45:20', '2025-01-08 09:45:20'),
(17, 6, 7, '2025-01-08 09:45:20', '2025-01-08 09:45:20'),
(18, 6, 8, '2025-01-08 09:45:20', '2025-01-08 09:45:20'),
(19, 7, 7, '2025-01-08 09:45:20', '2025-01-08 09:45:20'),
(20, 7, 8, '2025-01-08 09:45:20', '2025-01-08 09:45:20'),
(21, 7, 9, '2025-01-08 09:45:20', '2025-01-08 09:45:20');

--
-- Indexes for dumped tables
--

--
-- Indexes for table `avatars`
--
ALTER TABLE `avatars`
  ADD PRIMARY KEY (`id`);

--
-- Indexes for table `avatar_transactions`
--
ALTER TABLE `avatar_transactions`
  ADD PRIMARY KEY (`id`),
  ADD KEY `avatar_transactions_user_id_foreign` (`user_id`),
  ADD KEY `avatar_transactions_avatar_id_foreign` (`avatar_id`);

--
-- Indexes for table `cache`
--
ALTER TABLE `cache`
  ADD PRIMARY KEY (`key`);

--
-- Indexes for table `cache_locks`
--
ALTER TABLE `cache_locks`
  ADD PRIMARY KEY (`key`);

--
-- Indexes for table `failed_jobs`
--
ALTER TABLE `failed_jobs`
  ADD PRIMARY KEY (`id`),
  ADD UNIQUE KEY `failed_jobs_uuid_unique` (`uuid`);

--
-- Indexes for table `field_of_works`
--
ALTER TABLE `field_of_works`
  ADD PRIMARY KEY (`id`);

--
-- Indexes for table `friends`
--
ALTER TABLE `friends`
  ADD PRIMARY KEY (`id`),
  ADD KEY `friends_user_id_foreign` (`user_id`),
  ADD KEY `friends_friend_id_foreign` (`friend_id`),
  ADD KEY `friends_sender_id_foreign` (`sender_id`);

--
-- Indexes for table `jobs`
--
ALTER TABLE `jobs`
  ADD PRIMARY KEY (`id`),
  ADD KEY `jobs_queue_index` (`queue`);

--
-- Indexes for table `job_batches`
--
ALTER TABLE `job_batches`
  ADD PRIMARY KEY (`id`);

--
-- Indexes for table `messages`
--
ALTER TABLE `messages`
  ADD PRIMARY KEY (`id`),
  ADD KEY `messages_sender_id_foreign` (`sender_id`),
  ADD KEY `messages_receiver_id_foreign` (`receiver_id`);

--
-- Indexes for table `migrations`
--
ALTER TABLE `migrations`
  ADD PRIMARY KEY (`id`);

--
-- Indexes for table `notifications`
--
ALTER TABLE `notifications`
  ADD PRIMARY KEY (`id`),
  ADD KEY `notifications_user_id_foreign` (`user_id`),
  ADD KEY `notifications_sender_id_foreign` (`sender_id`);

--
-- Indexes for table `occupations`
--
ALTER TABLE `occupations`
  ADD PRIMARY KEY (`id`);

--
-- Indexes for table `password_resets`
--
ALTER TABLE `password_resets`
  ADD KEY `password_resets_email_index` (`email`);

--
-- Indexes for table `password_reset_tokens`
--
ALTER TABLE `password_reset_tokens`
  ADD PRIMARY KEY (`email`);

--
-- Indexes for table `sessions`
--
ALTER TABLE `sessions`
  ADD PRIMARY KEY (`id`),
  ADD KEY `sessions_user_id_index` (`user_id`),
  ADD KEY `sessions_last_activity_index` (`last_activity`);

--
-- Indexes for table `users`
--
ALTER TABLE `users`
  ADD PRIMARY KEY (`id`),
  ADD UNIQUE KEY `users_email_unique` (`email`),
  ADD KEY `users_occupation_id_foreign` (`occupation_id`),
  ADD KEY `users_avatar_id_foreign` (`avatar_id`);

--
-- Indexes for table `user_f_o_w_s`
--
ALTER TABLE `user_f_o_w_s`
  ADD PRIMARY KEY (`id`),
  ADD KEY `user_f_o_w_s_user_id_foreign` (`user_id`),
  ADD KEY `user_f_o_w_s_field_of_work_id_foreign` (`field_of_work_id`);

--
-- AUTO_INCREMENT for dumped tables
--

--
-- AUTO_INCREMENT for table `avatars`
--
ALTER TABLE `avatars`
  MODIFY `id` bigint(20) UNSIGNED NOT NULL AUTO_INCREMENT, AUTO_INCREMENT=7;

--
-- AUTO_INCREMENT for table `avatar_transactions`
--
ALTER TABLE `avatar_transactions`
  MODIFY `id` bigint(20) UNSIGNED NOT NULL AUTO_INCREMENT;

--
-- AUTO_INCREMENT for table `failed_jobs`
--
ALTER TABLE `failed_jobs`
  MODIFY `id` bigint(20) UNSIGNED NOT NULL AUTO_INCREMENT;

--
-- AUTO_INCREMENT for table `field_of_works`
--
ALTER TABLE `field_of_works`
  MODIFY `id` bigint(20) UNSIGNED NOT NULL AUTO_INCREMENT, AUTO_INCREMENT=11;

--
-- AUTO_INCREMENT for table `friends`
--
ALTER TABLE `friends`
  MODIFY `id` bigint(20) UNSIGNED NOT NULL AUTO_INCREMENT;

--
-- AUTO_INCREMENT for table `jobs`
--
ALTER TABLE `jobs`
  MODIFY `id` bigint(20) UNSIGNED NOT NULL AUTO_INCREMENT;

--
-- AUTO_INCREMENT for table `messages`
--
ALTER TABLE `messages`
  MODIFY `id` bigint(20) UNSIGNED NOT NULL AUTO_INCREMENT;

--
-- AUTO_INCREMENT for table `migrations`
--
ALTER TABLE `migrations`
  MODIFY `id` int(10) UNSIGNED NOT NULL AUTO_INCREMENT, AUTO_INCREMENT=13;

--
-- AUTO_INCREMENT for table `notifications`
--
ALTER TABLE `notifications`
  MODIFY `id` bigint(20) UNSIGNED NOT NULL AUTO_INCREMENT;

--
-- AUTO_INCREMENT for table `occupations`
--
ALTER TABLE `occupations`
  MODIFY `id` bigint(20) UNSIGNED NOT NULL AUTO_INCREMENT, AUTO_INCREMENT=6;

--
-- AUTO_INCREMENT for table `users`
--
ALTER TABLE `users`
  MODIFY `id` bigint(20) UNSIGNED NOT NULL AUTO_INCREMENT, AUTO_INCREMENT=8;

--
-- AUTO_INCREMENT for table `user_f_o_w_s`
--
ALTER TABLE `user_f_o_w_s`
  MODIFY `id` bigint(20) UNSIGNED NOT NULL AUTO_INCREMENT, AUTO_INCREMENT=22;

--
-- Constraints for dumped tables
--

--
-- Constraints for table `avatar_transactions`
--
ALTER TABLE `avatar_transactions`
  ADD CONSTRAINT `avatar_transactions_avatar_id_foreign` FOREIGN KEY (`avatar_id`) REFERENCES `avatars` (`id`) ON DELETE CASCADE,
  ADD CONSTRAINT `avatar_transactions_user_id_foreign` FOREIGN KEY (`user_id`) REFERENCES `users` (`id`) ON DELETE CASCADE;

--
-- Constraints for table `friends`
--
ALTER TABLE `friends`
  ADD CONSTRAINT `friends_friend_id_foreign` FOREIGN KEY (`friend_id`) REFERENCES `users` (`id`) ON DELETE CASCADE,
  ADD CONSTRAINT `friends_sender_id_foreign` FOREIGN KEY (`sender_id`) REFERENCES `users` (`id`) ON DELETE CASCADE,
  ADD CONSTRAINT `friends_user_id_foreign` FOREIGN KEY (`user_id`) REFERENCES `users` (`id`) ON DELETE CASCADE;

--
-- Constraints for table `messages`
--
ALTER TABLE `messages`
  ADD CONSTRAINT `messages_receiver_id_foreign` FOREIGN KEY (`receiver_id`) REFERENCES `users` (`id`) ON DELETE CASCADE,
  ADD CONSTRAINT `messages_sender_id_foreign` FOREIGN KEY (`sender_id`) REFERENCES `users` (`id`) ON DELETE CASCADE;

--
-- Constraints for table `notifications`
--
ALTER TABLE `notifications`
  ADD CONSTRAINT `notifications_sender_id_foreign` FOREIGN KEY (`sender_id`) REFERENCES `users` (`id`) ON DELETE CASCADE,
  ADD CONSTRAINT `notifications_user_id_foreign` FOREIGN KEY (`user_id`) REFERENCES `users` (`id`) ON DELETE CASCADE;

--
-- Constraints for table `users`
--
ALTER TABLE `users`
  ADD CONSTRAINT `users_avatar_id_foreign` FOREIGN KEY (`avatar_id`) REFERENCES `avatars` (`id`) ON DELETE SET NULL,
  ADD CONSTRAINT `users_occupation_id_foreign` FOREIGN KEY (`occupation_id`) REFERENCES `occupations` (`id`) ON DELETE CASCADE;

--
-- Constraints for table `user_f_o_w_s`
--
ALTER TABLE `user_f_o_w_s`
  ADD CONSTRAINT `user_f_o_w_s_field_of_work_id_foreign` FOREIGN KEY (`field_of_work_id`) REFERENCES `field_of_works` (`id`) ON DELETE CASCADE,
  ADD CONSTRAINT `user_f_o_w_s_user_id_foreign` FOREIGN KEY (`user_id`) REFERENCES `users` (`id`) ON DELETE CASCADE;
COMMIT;

/*!40101 SET CHARACTER_SET_CLIENT=@OLD_CHARACTER_SET_CLIENT */;
/*!40101 SET CHARACTER_SET_RESULTS=@OLD_CHARACTER_SET_RESULTS */;
/*!40101 SET COLLATION_CONNECTION=@OLD_COLLATION_CONNECTION */;
